Workbook

Sheet 2026 Ιανουάριος
A1: ΑΝΑΛΥΣΗ ΑΠΟΤΕΛΕΣΜΑΤΟΣ ΜΗΝΟΣ
A2: 1 | C2: ΑΝΑΛΥΣΗ ΕΤΟΥΣ 2026 | D2: =[1]ΑΝΤΙΣΤΟΙΧΙΣΗ!$F$32 | H2: =[1]ΑΝΤΙΣΤΟΙΧΙΣΗ!$F$35 | L2: =[1]ΑΝΤΙΣΤΟΙΧΙΣΗ!$F$68 | P2: =[1]ΑΝΤΙΣΤΟΙΧΙΣΗ!$F$100
A3: 2 | C3: ΠΕΡΙΟΔΟΣ | D3: =[1]ΑΝΤΙΣΤΟΙΧΙΣΗ!$F$106 | G3: =[1]ΑΝΤΙΣΤΟΙΧΙΣΗ!$D$34 | H3: =[1]ΑΝΤΙΣΤΟΙΧΙΣΗ!$F$106 | K3: =[1]ΑΝΤΙΣΤΟΙΧΙΣΗ!$D$34 | L3: =[1]ΑΝΤΙΣΤΟΙΧΙΣΗ!$F$120 | O3: =[1]ΑΝΤΙΣΤΟΙΧΙΣΗ!$D$33
A4: 3 | B4: Α | C4: Κατηγορία Εσόδου | D4: Ποσά | E4: % Εσοδο Γραμμής/Σύν.Εσ.Μηνός | F4: Προοδευτικό Σύνολο Εσόδων έως σήμερα | G4: % Προοδ.Σύνολο Κατηγ. Εσ. /Προοδ.Σύν.Εσ. Έως σήμερα | H4: Εσοδο Μηνός | I4: % Εσοδο Γραμμής /Σύν.Εσ.Μηνός | J4: Προοδευτικό έως σήμερα | K4: % Προοδ.Σύνολο Κατηγ. Εσ. /Προοδ.Σύν.Εσ. Έως σήμερα | L4: Εσοδο Μηνός 2024 | M4: % Εσοδο Γραμμής/Σύν.Εσ.Μηνός | N4: Προοδευτικό Σύνολο Εσόδων έως Τρέχοντα μήνα | O4: % Προοδ.Σύνολο Κατηγ. Εσ. /Προοδ.Σύν.Εσ. Έως σήμερα | P4: Προοδ. Διαφορά Συν. Πραγμ.Τρ. Έτους - Αντιστ. Προοδ. Σύν. Πραγμ. Προηγ. Έτους | Q4: % Προοδ. Διαφορά Κατηγ. Εσ. / Προοδ.Σύν.Προυπ. Εσ. Τρέχοντος Έτους
A5: 4 | C5: Λογιστικό Αποτέλεσμα μηνός | D5: =D7-D6 | F5: =F7-F6 | H5: =H159-H6 | J5: =J159-J6 | L5: =L7-L6 | N5: =N7-N6 | P5: =P159-P6
A6: 5 | C6: Σύνολο Εξόδων Μηνός | D6: =D43+D84+D116 | F6: =F78+F111+F157 | H6: =H38-H43-H84 | J6: =J38-J43-J84 | L6: =L43+L84+L116 | N6: =N78+N111+N157 | P6: =P38-P43-P84
A7: 6 | B7: Α/Α | C7: Σύνολο Εσόδων Μηνός | D7: =SUM(D8:D31) | F7: =SUM(F8:F31) | H7: =SUM(H8:H31) | J7: =SUM(J8:J31) | L7: =SUM(L8:L31) | N7: =L7 | P7: =SUM(P8:P31)
A8: 7 | B8: 1 | C8: =[1]ΑΝΤΙΣΤΟΙΧΙΣΗ!F187 | D8: ='[1]2026_ΕΣΟΔΑ'!C2 | E8: =D8/$D$7 | F8: =D8 | G8: =F8/$F$7 | H8: 0 | I8: =H8/$H$7 | J8: =H8 | K8: =J8/$J$7 | L8: ='[1]2024_60-69 ΕΞΟΔΑ+ΟΜ 2'!C114 | M8: =L8/$L$7 | N8: =L8 | O8: =N8/$N$7 | P8: =F8-N8 | Q8: =P8/J8
A9: 8 | B9: 2 | C9: =[1]ΑΝΤΙΣΤΟΙΧΙΣΗ!F188 | D9: ='[1]2026_ΕΣΟΔΑ'!C3 | E9: =D9/$D$7 | F9: =D9 | G9: =F9/$F$7 | I9: =H9/$H$7 | J9: =H9 | K9: =J9/$J$7 | L9: ='[1]2024_60-69 ΕΞΟΔΑ+ΟΜ 2'!C115 | M9: =L9/$L$7 | N9: =L9 | O9: =N9/$N$7 | P9: =F9-N9 | Q9: =P9/J9
A10: 9 | B10: 3 | C10: =[1]ΑΝΤΙΣΤΟΙΧΙΣΗ!F189 | D10: ='[1]2026_ΕΣΟΔΑ'!C4 | E10: =D10/$D$7 | F10: =D10 | G10: =F10/$F$7 | I10: =H10/$H$7 | J10: =H10 | K10: =J10/$J$7 | L10: ='[1]2024_60-69 ΕΞΟΔΑ+ΟΜ 2'!C116 | M10: =L10/$L$7 | N10: =L10 | O10: =N10/$N$7 | P10: =F10-N10 | Q10: =P10/J10
A11: 10 | B11: 4 | C11: =[1]ΑΝΤΙΣΤΟΙΧΙΣΗ!F190 | D11: ='[1]2026_ΕΣΟΔΑ'!C5 | E11: =D11/$D$7 | F11: =D11 | G11: =F11/$F$7 | I11: =H11/$H$7 | J11: =H11 | K11: =J11/$J$7 | L11: ='[1]2024_60-69 ΕΞΟΔΑ+ΟΜ 2'!C117 | M11: =L11/$L$7 | N11: =L11 | O11: =N11/$N$7 | P11: =F11-N11 | Q11: =P11/J11
A12: 11 | B12: 5 | C12: =[1]ΑΝΤΙΣΤΟΙΧΙΣΗ!F191 | D12: ='[1]2026_ΕΣΟΔΑ'!C6 | E12: =D12/$D$7 | F12: =D12 | G12: =F12/$F$7 | I12: =H12/$H$7 | J12: =H12 | K12: =J12/$J$7 | L12: ='[1]2024_60-69 ΕΞΟΔΑ+ΟΜ 2'!C118 | M12: =L12/$L$7 | N12: =L12 | O12: =N12/$N$7 | P12: =F12-N12 | Q12: =P12/J12
A13: 12 | B13: 6 | C13: =[1]ΑΝΤΙΣΤΟΙΧΙΣΗ!F192 | D13: ='[1]2026_ΕΣΟΔΑ'!C7 | E13: =D13/$D$7 | F13: =D13 | G13: =F13/$F$7 | I13: =H13/$H$7 | J13: =H13 | K13: =J13/$J$7 | L13: ='[1]2024_60-69 ΕΞΟΔΑ+ΟΜ 2'!C119 | M13: =L13/$L$7 | N13: =L13 | O13: =N13/$N$7 | P13: =F13-N13 | Q13: =P13/J13
A14: 13 | B14: 7 | C14: =[1]ΑΝΤΙΣΤΟΙΧΙΣΗ!F193 | D14: ='[1]2026_ΕΣΟΔΑ'!C8 | E14: =D14/$D$7 | F14: =D14 | G14: =F14/$F$7 | I14: =H14/$H$7 | J14: =H14 | K14: =J14/$J$7 | L14: ='[1]2024_60-69 ΕΞΟΔΑ+ΟΜ 2'!C120 | M14: =L14/$L$7 | N14: =L14 | O14: =N14/$N$7 | P14: =F14-N14 | Q14: =P14/J14
A15: 14 | B15: 8 | C15: =[1]ΑΝΤΙΣΤΟΙΧΙΣΗ!F194 | D15: ='[1]2026_ΕΣΟΔΑ'!C9 | E15: =D15/$D$7 | F15: =D15 | G15: =F15/$F$7 | I15: =H15/$H$7 | J15: =H15 | K15: =J15/$J$7 | L15: ='[1]2024_60-69 ΕΞΟΔΑ+ΟΜ 2'!C121 | M15: =L15/$L$7 | N15: =L15 | O15: =N15/$N$7 | P15: =F15-N15 | Q15: =P15/J15
A16: 15 | B16: 9 | C16: =[1]ΑΝΤΙΣΤΟΙΧΙΣΗ!F195 | D16: ='[1]2026_ΕΣΟΔΑ'!C10 | E16: =D16/$D$7 | F16: =D16 | G16: =F16/$F$7 | I16: =H16/$H$7 | J16: =H16 | K16: =J16/$J$7 | L16: ='[1]2024_60-69 ΕΞΟΔΑ+ΟΜ 2'!C122 | M16: =L16/$L$7 | N16: =L16 | O16: =N16/$N$7 | P16: =F16-N16 | Q16: =P16/J16
A17: 16 | B17: 10 | C17: =[1]ΑΝΤΙΣΤΟΙΧΙΣΗ!F196 | D17: ='[1]2026_ΕΣΟΔΑ'!C11 | E17: =D17/$D$7 | F17: =D17 | G17: =F17/$F$7 | I17: =H17/$H$7 | J17: =H17 | K17: =J17/$J$7 | L17: ='[1]2024_60-69 ΕΞΟΔΑ+ΟΜ 2'!C123 | M17: =L17/$L$7 | N17: =L17 | O17: =N17/$N$7 | P17: =F17-N17 | Q17: =P17/J17
A18: 17 | B18: 11 | C18: =[1]ΑΝΤΙΣΤΟΙΧΙΣΗ!F197 | D18: ='[1]2026_ΕΣΟΔΑ'!C12 | E18: =D18/$D$7 | F18: =D18 | G18: =F18/$F$7 | I18: =H18/$H$7 | J18: =H18 | K18: =J18/$J$7 | L18: ='[1]2024_60-69 ΕΞΟΔΑ+ΟΜ 2'!C124 | M18: =L18/$L$7 | N18: =L18 | O18: =N18/$N$7 | P18: =F18-N18 | Q18: =P18/J18
A19: 18 | B19: 12 | C19: =[1]ΑΝΤΙΣΤΟΙΧΙΣΗ!F198 | D19: ='[1]2026_ΕΣΟΔΑ'!C13 | E19: =D19/$D$7 | F19: =D19 | G19: =F19/$F$7 | I19: =H19/$H$7 | J19: =H19 | K19: =J19/$J$7 | L19: ='[1]2024_60-69 ΕΞΟΔΑ+ΟΜ 2'!C125 | M19: =L19/$L$7 | N19: =L19 | O19: =N19/$N$7 | P19: =F19-N19 | Q19: =P19/J19
A20: 19 | B20: 13 | C20: =[1]ΑΝΤΙΣΤΟΙΧΙΣΗ!F199 | D20: ='[1]2026_ΕΣΟΔΑ'!C14 | E20: =D20/$D$7 | F20: =D20 | G20: =F20/$F$7 | I20: =H20/$H$7 | J20: =H20 | K20: =J20/$J$7 | L20: ='[1]2024_60-69 ΕΞΟΔΑ+ΟΜ 2'!C126 | M20: =L20/$L$7 | N20: =L20 | O20: =N20/$N$7 | P20: =F20-N20 | Q20: =P20/J20
... A23: 22 | B23: 16 | C23: =[1]ΑΝΤΙΣΤΟΙΧΙΣΗ!F202 | D23: ='[1]2026_ΕΣΟΔΑ'!C17 | E23: =D23/$D$7 | F23: =D23 | G23: =F23/$F$7 | I23: =H23/$H$7 | J23: =H23 | K23: =J23/$J$7 | L23: ='[1]2024_60-69 ΕΞΟΔΑ+ΟΜ 2'!C129 | M23: =L23/$L$7 | N23: =L23 | O23: =N23/$N$7 | P23: =F23-N23 | Q23: =P23/J23
A24: 23 | B24: 17 | C24: =[1]ΑΝΤΙΣΤΟΙΧΙΣΗ!F203 | D24: ='[1]2026_ΕΣΟΔΑ'!C18 | E24: =D24/$D$7 | F24: =D24 | G24: =F24/$F$7 | H24: =[1]ΠΡΟΥΠΟΛΟΓΙΣΜΟΣ_ΕΣΟΔΑ!E225 | I24: =H24/$H$7 | J24: =H24 | K24: =J24/$J$7 | L24: ='[1]2024_60-69 ΕΞΟΔΑ+ΟΜ 2'!C130 | M24: =L24/$L$7 | N24: =L24 | O24: =N24/$N$7 | P24: =F24-N24 | Q24: =F24/J24
A25: 24 | B25: 18 | C25: =[1]ΑΝΤΙΣΤΟΙΧΙΣΗ!F204 | D25: ='[1]2026_ΕΣΟΔΑ'!C19 | E25: =D25/$D$7 | F25: =D25 | G25: =F25/$F$7 | I25: =H25/$H$7 | J25: =H25 | K25: =J25/$J$7 | L25: ='[1]2024_60-69 ΕΞΟΔΑ+ΟΜ 2'!C131 | M25: =L25/$L$7 | N25: =L25 | O25: =N25/$N$7 | P25: =F25-N25 | Q25: =P25/J25
A26: 25 | B26: 19 | C26: =[1]ΑΝΤΙΣΤΟΙΧΙΣΗ!F205 | D26: ='[1]2026_ΕΣΟΔΑ'!C20 | E26: =D26/$D$7 | F26: =D26 | G26: =F26/$F$7 | I26: =H26/$H$7 | J26: =H26 | K26: =J26/$J$7 | L26: ='[1]2024_60-69 ΕΞΟΔΑ+ΟΜ 2'!C132 | M26: =L26/$L$7 | N26: =L26 | O26: =N26/$N$7 | P26: =F26-N26 | Q26: =P26/J26
A27: 26 | B27: 20 | C27: =[1]ΑΝΤΙΣΤΟΙΧΙΣΗ!F206 | D27: ='[1]2026_ΕΣΟΔΑ'!C21 | E27: =D27/$D$7 | F27: =D27 | G27: =F27/$F$7 | I27: =H27/$H$7 | J27: =H27 | K27: =J27/$J$7 | L27: ='[1]2024_60-69 ΕΞΟΔΑ+ΟΜ 2'!C133 | M27: =L27/$L$7 | N27: =L27 | O27: =N27/$N$7 | P27: =F27-N27 | Q27: =P27/J27
A28: 27 | B28: 21 | C28: =[1]ΑΝΤΙΣΤΟΙΧΙΣΗ!F207 | D28: ='[1]2026_ΕΣΟΔΑ'!C22 | E28: =D28/$D$7 | F28: =D28 | G28: =F28/$F$7 | I28: =H28/$H$7 | J28: =H28 | K28: =J28/$J$7 | L28: ='[1]2024_60-69 ΕΞΟΔΑ+ΟΜ 2'!C134 | M28: =L28/$L$7 | N28: =L28 | O28: =N28/$N$7 | P28: =F28-N28 | Q28: =P28/J28
A29: 28 | B29: 22 | C29: =[1]ΑΝΤΙΣΤΟΙΧΙΣΗ!F208 | D29: ='[1]2026_ΕΣΟΔΑ'!C23 | E29: =D29/$D$7 | F29: =D29 | G29: =F29/$F$7 | I29: =H29/$H$7 | J29: =H29 | K29: =J29/$J$7 | L29: ='[1]2024_60-69 ΕΞΟΔΑ+ΟΜ 2'!C135 | M29: =L29/$L$7 | N29: =L29 | O29: =N29/$N$7 | P29: =F29-N29 | Q29: =P29/J29
A30: 29 | B30: 23 | C30: =[1]ΑΝΤΙΣΤΟΙΧΙΣΗ!F209 | D30: ='[1]2026_ΕΣΟΔΑ'!C24 | E30: =D30/$D$7 | F30: =D30 | G30: =F30/$F$7 | I30: =H30/$H$7 | J30: =H30 | K30: =J30/$J$7 | L30: ='[1]2024_60-69 ΕΞΟΔΑ+ΟΜ 2'!C136 | M30: =L30/$L$7 | N30: =L30 | O30: =N30/$N$7 | P30: =F30-N30 | Q30: =P30/J30
A31: 30 | B31: 24 | C31: =[1]ΑΝΤΙΣΤΟΙΧΙΣΗ!F210 | D31: ='[1]2026_ΕΣΟΔΑ'!C25 | E31: =D31/$D$7 | F31: =D31 | G31: =F31/$F$7 | I31: =H31/$H$7 | J31: =H31 | K31: =J31/$J$7 | L31: ='[1]2024_60-69 ΕΞΟΔΑ+ΟΜ 2'!C137 | M31: =L31/$L$7 | N31: =L31 | O31: =N31/$N$7 | P31: =F31-N31 | Q31: =P31/J31
A32: 31 | B32: 25 | C32: =[1]ΑΝΤΙΣΤΟΙΧΙΣΗ!F211 | D32: ='[1]2026_ΕΣΟΔΑ'!C26 | E32: =D32/$D$7 | F32: =D32 | G32: =F32/$F$7 | I32: =H32/$H$7 | J32: =H32 | K32: =J32/$J$7 | L32: ='[1]2024_60-69 ΕΞΟΔΑ+ΟΜ 2'!C138 | M32: =L32/$L$7 | N32: =L32 | O32: =N32/$N$7 | P32: =F32-N32 | Q32: =P32/J32
A33: 32 | B33: 26 | C33: =[1]ΑΝΤΙΣΤΟΙΧΙΣΗ!F212 | D33: ='[1]2026_ΕΣΟΔΑ'!C27 | E33: =D33/$D$7 | F33: =D33 | G33: =F33/$F$7 | I33: =H33/$H$7 | J33: =H33 | K33: =J33/$J$7 | L33: ='[1]2024_60-69 ΕΞΟΔΑ+ΟΜ 2'!C139 | M33: =L33/$L$7 | N33: =L33 | O33: =N33/$N$7 | P33: =F33-N33 | Q33: =P33/J33
A34: 33 | B34: 27 | C34: =[1]ΑΝΤΙΣΤΟΙΧΙΣΗ!F213 | D34: ='[1]2026_ΕΣΟΔΑ'!C28 | E34: =D34/$D$7 | F34: =D34 | G34: =F34/$F$7 | I34: =H34/$H$7 | J34: =H34 | K34: =J34/$J$7 | L34: ='[1]2024_60-69 ΕΞΟΔΑ+ΟΜ 2'!C140 | M34: =L34/$L$7 | N34: =L34 | O34: =N34/$N$7 | P34: =F34-N34 | Q34: =P34/J34
A35: 34 | B35: 28 | C35: =[1]ΑΝΤΙΣΤΟΙΧΙΣΗ!F214 | D35: ='[1]2026_ΕΣΟΔΑ'!C29 | E35: =D35/$D$7 | F35: =D35 | G35: =F35/$F$7 | I35: =H35/$H$7 | J35: =H35 | K35: =J35/$J$7 | L35: ='[1]2024_60-69 ΕΞΟΔΑ+ΟΜ 2'!C141 | M35: =L35/$L$7 | N35: =L35 | O35: =N35/$N$7 | P35: =F35-N35 | Q35: =P35/J35
A36: 35 | B36: 29 | C36: =[1]ΑΝΤΙΣΤΟΙΧΙΣΗ!F215 | D36: ='[1]2026_ΕΣΟΔΑ'!C30 | E36: =D36/$D$7 | F36: =D36 | G36: =F36/$F$7 | I36: =H36/$H$7 | J36: =H36 | K36: =J36/$J$7 | L36: ='[1]2024_60-69 ΕΞΟΔΑ+ΟΜ 2'!C142 | M36: =L36/$L$7 | N36: =L36 | O36: =N36/$N$7 | P36: =F36-N36 | Q36: =P36/J36
A37: 36 | B37: 30 | C37: =[1]ΑΝΤΙΣΤΟΙΧΙΣΗ!F216 | D37: ='[1]2026_ΕΣΟΔΑ'!C31 | E37: =D37/$D$7 | F37: =D37 | G37: =F37/$F$7 | I37: =H37/$H$7 | J37: =H37 | K37: =J37/$J$7 | L37: ='[1]2024_60-69 ΕΞΟΔΑ+ΟΜ 2'!C143 | M37: =L37/$L$7 | N37: =L37 | O37: =N37/$N$7 | P37: =F37-N37 | Q37: =P37/J37
A38: 37 | C38: ΣΥΝΟΛΟ ΕΣΟΔΩΝ ΜΗΝΟΣ | D38: ='[1]2026_ΕΣΟΔΑ'!C32 | F38: ='[1]2026_ΕΣΟΔΑ'!C34 | H38: =SUM(H8:H30) | J38: =SUM(J8:J30) | L38: =SUM(L8:L31) | N38: =SUM(N8:N31) | P38: =SUM(P8:P30)
A39: 38 | C39: Ελεγχος Ορθότητας ( πρέπει να είναι 0) | D39: =D7-D38 | F39: =F7-F38 | H39: =H7-H38 | J39: =J7-J38 | L39: =L7-L38 | N39: =N7-N38 | P39: =P7-P38
A40: 39 | C40: ΑΝΑΛΥΣΗ ΕΤΟΥΣ 2026 | D40: =[1]ΑΝΤΙΣΤΟΙΧΙΣΗ!$F$32 | H40: =[1]ΑΝΤΙΣΤΟΙΧΙΣΗ!$F$35 | L40: =[1]ΑΝΤΙΣΤΟΙΧΙΣΗ!$F$68 | P40: =[1]ΑΝΤΙΣΤΟΙΧΙΣΗ!$F$100
A41: 40 | C41: ΠΕΡΙΟΔΟΣ | D41: =[1]ΑΝΤΙΣΤΟΙΧΙΣΗ!$F$106 | G41: =[1]ΑΝΤΙΣΤΟΙΧΙΣΗ!$D$34 | H41: =[1]ΑΝΤΙΣΤΟΙΧΙΣΗ!$F$106 | K41: =[1]ΑΝΤΙΣΤΟΙΧΙΣΗ!$D$34 | L41: =[1]ΑΝΤΙΣΤΟΙΧΙΣΗ!$F$120 | O41: =[1]ΑΝΤΙΣΤΟΙΧΙΣΗ!$D$33
A42: 41 | B42: Β | C42: ΚΑΤΗΓΟΡΙΑ ΕΞΟΔΟΥ | D42: Ποσά | E42: % Εξοδο Γραμμής /Σύν.Εξόδων μηνός | F42: Προοδ Σύν. Κατηγ. Εξόδων έως Σήμερα | G42: % Προοδ. Σύνολο Κατηγ. Εξ./ Προοδ. Σύνολο Εξόδων Έως σήμερα | H42: Αμ. Κόστ. Υπηρ. Μηνός | I42: % Εξοδο Γραμμής /Σύν.Εξόδων μηνός | J42: Προοδ Σύν. Κατηγ. Εξόδων έως Σήμερα | K42: % Προοδ. Σύνολο Κατηγ. Εξ./ Προοδ. Σύνολο Εξόδων Έως σήμερα | L42: Αμ. Κόστ. Υπηρ. Μηνός | M42: % Κατηγ.Εξ/Σύν.Αμ.Κο.Υπ.μηνός | N42: Προοδ Σύν. Κατηγ. Εξ έως Σήμερα | O42: % Προοδ. Σύν. Κατηγ. Εξ/ Προοδ. Σύνολο Εξόδων | P42: Προοδ. Διαφορά με Προηγ. Έτος ( Τρέχον Έτος - Προηγ. Έτος) | Q42: % Προοδ.Σύν Κατηγ. Εξ. Πρ. Έτους / Προοδ.Σύν.Εξ. Τρέχοντος Έτους
A43: 42 | B43: Α/Α | C43: Αμεσο Κόστος Υπηρεσιών | D43: =SUM(D44:D77) | F43: =SUM(F44:F77) | H43: =SUM(H44:H77) | J43: =SUM(J44:J77) | L43: =SUM(L44:L77) | N43: =SUM(N44:N77) | P43: =SUM(P44:P77)
A44: 43 | B44: 1 | C44: =[1]ΑΝΤΙΣΤΟΙΧΙΣΗ!I187 | D44: ='[1]2026_60-69 ΕΞΟΔΑ+ΟΜ 2'!D4 | E44: =D44/$D$43 | F44: =D44 | G44: =F44/$F$43 | I44: =H44/$H$43 | J44: =H44 | K44: =J44/$J$38 | L44: ='[1]2024_60-69 ΕΞΟΔΑ+ΟΜ 2'!D4 | M44: =L44/$L$43 | N44: =L44 | O44: =N44/$N$43 | P44: =F44-N44 | Q44: =N44/F44
A45: 44 | B45: 2 | C45: =[1]ΑΝΤΙΣΤΟΙΧΙΣΗ!I188 | D45: ='[1]2026_60-69 ΕΞΟΔΑ+ΟΜ 2'!D5 | E45: =D45/$D$43 | F45: =D45 | G45: =F45/$F$43 | I45: =H45/$H$43 | J45: =H45 | K45: =J45/$J$38 | L45: ='[1]2024_60-69 ΕΞΟΔΑ+ΟΜ 2'!D5 | M45: =L45/$L$43 | N45: =L45 | O45: =N45/$N$43 | P45: =F45-N45 | Q45: =N45/F45
A46: 45 | B46: 3 | C46: =[1]ΑΝΤΙΣΤΟΙΧΙΣΗ!I189 | D46: ='[1]2026_60-69 ΕΞΟΔΑ+ΟΜ 2'!D6 | E46: =D46/$D$43 | F46: =D46 | G46: =F46/$F$43 | I46: =H46/$H$43 | J46: =H46 | K46: =J46/$J$38 | L46: ='[1]2024_60-69 ΕΞΟΔΑ+ΟΜ 2'!D6 | M46: =L46/$L$43 | N46: =L46 | O46: =N46/$N$43 | P46: =F46-N46 | Q46: =N46/F46
A47: 48 | B47: 6 | C47: =[1]ΑΝΤΙΣΤΟΙΧΙΣΗ!I190 | D47: ='[1]2026_60-69 ΕΞΟΔΑ+ΟΜ 2'!D7 | E47: =D49/$D$43 | F47: =D49 | G47: =F49/$F$43 | I47: =H49/$H$43 | J47: =H49 | K47: =J49/$J$38 | L47: ='[1]2024_60-69 ΕΞΟΔΑ+ΟΜ 2'!D7 | M47: =L49/$L$43 | N47: =L49 | O47: =N49/$N$43 | P47: =F49-N49 | Q47: =N49/F49
A48: 49 | B48: 7 | C48: =[1]ΑΝΤΙΣΤΟΙΧΙΣΗ!I191 | D48: ='[1]2026_60-69 ΕΞΟΔΑ+ΟΜ 2'!D8 | E48: =D50/$D$43 | F48: =D50 | G48: =F50/$F$43 | I48: =H50/$H$43 | J48: =H50 | K48: =J50/$J$38 | L48: ='[1]2024_60-69 ΕΞΟΔΑ+ΟΜ 2'!D8 | M48: =L50/$L$43 | N48: =L50 | O48: =N50/$N$43 | P48: =F50-N50 | Q48: =N50/F50
A49: 50 | B49: 8 | C49: =[1]ΑΝΤΙΣΤΟΙΧΙΣΗ!I192 | D49: ='[1]2026_60-69 ΕΞΟΔΑ+ΟΜ 2'!D9 | E49: =D51/$D$43 | F49: =D51 | G49: =F51/$F$43 | I49: =H51/$H$43 | J49: =H51 | K49: =J51/$J$38 | L49: ='[1]2024_60-69 ΕΞΟΔΑ+ΟΜ 2'!D9 | M49: =L51/$L$43 | N49: =L51 | O49: =N51/$N$43 | P49: =F51-N51 | Q49: =N51/F51
A50: 53 | B50: 11 | C50: =[1]ΑΝΤΙΣΤΟΙΧΙΣΗ!I193 | D50: ='[1]2026_60-69 ΕΞΟΔΑ+ΟΜ 2'!D10 | E50: =D54/$D$43 | F50: =D54 | G50: =F54/$F$43 | I50: =H54/$H$43 | J50: =H54 | K50: =J54/$J$38 | L50: ='[1]2024_60-69 ΕΞΟΔΑ+ΟΜ 2'!D10 | M50: =L54/$L$43 | N50: =L54 | O50: =N54/$N$43 | P50: =F54-N54 | Q50: =N54/F54
A51: 54 | B51: 12 | C51: =[1]ΑΝΤΙΣΤΟΙΧΙΣΗ!I194 | D51: ='[1]2026_60-69 ΕΞΟΔΑ+ΟΜ 2'!D11 | E51: =D55/$D$43 | F51: =D55 | G51: =F55/$F$43 | I51: =H55/$H$43 | J51: =H55 | K51: =J55/$J$38 | L51: ='[1]2024_60-69 ΕΞΟΔΑ+ΟΜ 2'!D11 | M51: =L55/$L$43 | N51: =L55 | O51: =N55/$N$43 | P51: =F55-N55 | Q51: =N55/F55
A52: 55 | B52: 13 | C52: =[1]ΑΝΤΙΣΤΟΙΧΙΣΗ!I195 | D52: ='[1]2026_60-69 ΕΞΟΔΑ+ΟΜ 2'!D12 | E52: =D56/$D$43 | F52: =D56 | G52: =F56/$F$43 | I52: =H56/$H$43 | J52: =H56 | K52: =J56/$J$38 | L52: ='[1]2024_60-69 ΕΞΟΔΑ+ΟΜ 2'!D12 | M52: =L56/$L$43 | N52: =L56 | O52: =N56/$N$43 | P52: =F56-N56 | Q52: =N56/F56
A53: 56 | B53: 14 | C53: =[1]ΑΝΤΙΣΤΟΙΧΙΣΗ!I196 | D53: ='[1]2026_60-69 ΕΞΟΔΑ+ΟΜ 2'!D13 | E53: =D57/$D$43 | F53: =D57 | G53: =F57/$F$43 | I53: =H57/$H$43 | J53: =H57 | K53: =J57/$J$38 | L53: ='[1]2024_60-69 ΕΞΟΔΑ+ΟΜ 2'!D13 | M53: =L57/$L$43 | N53: =L57 | O53: =N57/$N$43 | P53: =F57-N57 | Q53: =N57/F57
A54: 57 | B54: 15 | C54: =[1]ΑΝΤΙΣΤΟΙΧΙΣΗ!I197 | D54: ='[1]2026_60-69 ΕΞΟΔΑ+ΟΜ 2'!D14 | E54: =D58/$D$43 | F54: =D58 | G54: =F58/$F$43 | I54: =H58/$H$43 | J54: =H58 | K54: =J58/$J$38 | L54: ='[1]2024_60-69 ΕΞΟΔΑ+ΟΜ 2'!D14 | M54: =L58/$L$43 | N54: =L58 | O54: =N58/$N$43 | P54: =F58-N58 | Q54: =N58/F58
A55: 58 | B55: 16 | C55: =[1]ΑΝΤΙΣΤΟΙΧΙΣΗ!I198 | D55: ='[1]2026_60-69 ΕΞΟΔΑ+ΟΜ 2'!D15 | E55: =D59/$D$43 | F55: =D59 | G55: =F59/$F$43 | I55: =H59/$H$43 | K55: =J59/$J$38 | L55: ='[1]2024_60-69 ΕΞΟΔΑ+ΟΜ 2'!D15 | M55: =L59/$L$43 | N55: =L59 | O55: =N59/$N$43 | P55: =F59-N59 | Q55: =N59/F59
A56: 59 | B56: 17 | C56: =[1]ΑΝΤΙΣΤΟΙΧΙΣΗ!I199 | D56: ='[1]2026_60-69 ΕΞΟΔΑ+ΟΜ 2'!D16 | E56: =D60/$D$43 | F56: =D60 | G56: =F60/$F$43 | I56: =H60/$H$43 | J56: =H60 | K56: =J60/$J$38 | L56: ='[1]2024_60-69 ΕΞΟΔΑ+ΟΜ 2'!D16 | M56: =L60/$L$43 | N56: =L60 | O56: =N60/$N$43 | P56: =F60-N60 | Q56: =N60/F60
A57: 60 | B57: 18 | C57: =[1]ΑΝΤΙΣΤΟΙΧΙΣΗ!I200 | D57: ='[1]2026_60-69 ΕΞΟΔΑ+ΟΜ 2'!D17 | E57: =D61/$D$43 | F57: =D61 | G57: =F61/$F$43 | I57: =H61/$H$43 | J57: =H61 | K57: =J61/$J$38 | L57: ='[1]2024_60-69 ΕΞΟΔΑ+ΟΜ 2'!D17 | M57: =L61/$L$43 | N57: =L61 | O57: =N61/$N$43 | P57: =F61-N61 | Q57: =N61/F61
A58: 61 | B58: 19 | C58: =[1]ΑΝΤΙΣΤΟΙΧΙΣΗ!I201 | D58: ='[1]2026_60-69 ΕΞΟΔΑ+ΟΜ 2'!D18 | E58: =D62/$D$43 | F58: =D62 | G58: =F62/$F$43 | I58: =H62/$H$43 | J58: =H62 | K58: =J62/$J$38 | L58: ='[1]2024_60-69 ΕΞΟΔΑ+ΟΜ 2'!D18 | M58: =L62/$L$43 | N58: =L62 | O58: =N62/$N$43 | P58: =F62-N62 | Q58: =N62/F62
A59: 62 | B59: 20 | C59: =[1]ΑΝΤΙΣΤΟΙΧΙΣΗ!I202 | D59: ='[1]2026_60-69 ΕΞΟΔΑ+ΟΜ 2'!D19 | E59: =D63/$D$43 | F59: =D63 | G59: =F63/$F$43 | I59: =H63/$H$43 | J59: =H63 | K59: =J63/$J$38 | L59: ='[1]2024_60-69 ΕΞΟΔΑ+ΟΜ 2'!D19 | M59: =L63/$L$43 | N59: =L63 | O59: =N63/$N$43 | P59: =F63-N63 | Q59: =N63/F63
A60: 63 | B60: 21 | C60: =[1]ΑΝΤΙΣΤΟΙΧΙΣΗ!I203 | D60: ='[1]2026_60-69 ΕΞΟΔΑ+ΟΜ 2'!D20 | E60: =D64/$D$43 | F60: =D64 | G60: =F64/$F$43 | I60: =H64/$H$43 | J60: =H64 | K60: =J64/$J$38 | L60: ='[1]2024_60-69 ΕΞΟΔΑ+ΟΜ 2'!D20 | M60: =L64/$L$43 | N60: =L64 | O60: =N64/$N$43 | P60: =F64-N64 | Q60: =N64/F64
A61: 64 | B61: 22 | C61: =[1]ΑΝΤΙΣΤΟΙΧΙΣΗ!I204 | D61: ='[1]2026_60-69 ΕΞΟΔΑ+ΟΜ 2'!D21+'[1]2026_60-69 ΕΞΟΔΑ+ΟΜ 2'!D184 | E61: =D65/$D$43 | F61: =D65 | G61: =F65/$F$43 | I61: =H65/$H$43 | J61: =H65 | K61: =J65/$J$38 | L61: ='[1]2024_60-69 ΕΞΟΔΑ+ΟΜ 2'!D21 | M61: =L65/$L$43 | N61: =L65 | O61: =N65/$N$43 | P61: =F65-N65 | Q61: =N65/F65
A62: 65 | B62: 23 | C62: =[1]ΑΝΤΙΣΤΟΙΧΙΣΗ!I205 | D62: ='[1]2026_60-69 ΕΞΟΔΑ+ΟΜ 2'!D22 | E62: =D66/$D$43 | F62: =D66 | G62: =F66/$F$43 | I62: =H66/$H$43 | J62: =H66 | K62: =J66/$J$38 | L62: ='[1]2024_60-69 ΕΞΟΔΑ+ΟΜ 2'!D22 | M62: =L66/$L$43 | N62: =L66 | O62: =N66/$N$43 | P62: =F66-N66 | Q62: =N66/F66
A63: 66 | B63: 24 | C63: =[1]ΑΝΤΙΣΤΟΙΧΙΣΗ!I206 | D63: ='[1]2026_60-69 ΕΞΟΔΑ+ΟΜ 2'!D23 | E63: =D67/$D$43 | F63: =D67 | G63: =F67/$F$43 | I63: =H67/$H$43 | J63: =H67 | K63: =J67/$J$38 | L63: ='[1]2024_60-69 ΕΞΟΔΑ+ΟΜ 2'!D23 | M63: =L67/$L$43 | N63: =L67 | O63: =N67/$N$43 | P63: =F67-N67 | Q63: =N67/F67
A64: 67 | B64: 25 | C64: =[1]ΑΝΤΙΣΤΟΙΧΙΣΗ!I207 | D64: ='[1]2026_60-69 ΕΞΟΔΑ+ΟΜ 2'!D24 | E64: =D68/$D$43 | F64: =D68 | G64: =F68/$F$43 | I64: =H68/$H$43 | J64: =H68 | K64: =J68/$J$38 | L64: ='[1]2024_60-69 ΕΞΟΔΑ+ΟΜ 2'!D24 | M64: =L68/$L$43 | N64: =L68 | O64: =N68/$N$43 | P64: =F68-N68 | Q64: =N68/F68
A65: 68 | B65: 26 | C65: =[1]ΑΝΤΙΣΤΟΙΧΙΣΗ!I208 | D65: ='[1]2026_60-69 ΕΞΟΔΑ+ΟΜ 2'!D25 | E65: =D69/$D$43 | F65: =D69 | G65: =F69/$F$43 | I65: =H69/$H$43 | J65: =H69 | K65: =J69/$J$38 | L65: ='[1]2024_60-69 ΕΞΟΔΑ+ΟΜ 2'!D25 | M65: =L69/$L$43 | N65: =L69 | O65: =N69/$N$43 | P65: =F69-N69 | Q65: =N69/F69
A66: 69 | B66: 27 | C66: =[1]ΑΝΤΙΣΤΟΙΧΙΣΗ!I209 | D66: ='[1]2026_60-69 ΕΞΟΔΑ+ΟΜ 2'!D26 | E66: =D70/$D$43 | F66: =D70 | G66: =F70/$F$43 | I66: =H70/$H$43 | J66: =H70 | K66: =J70/$J$38 | L66: ='[1]2024_60-69 ΕΞΟΔΑ+ΟΜ 2'!D26 | M66: =L70/$L$43 | N66: =L70 | O66: =N70/$N$43 | P66: =F70-N70 | Q66: =N70/F70
A67: 70 | B67: 28 | C67: =[1]ΑΝΤΙΣΤΟΙΧΙΣΗ!I210 | D67: ='[1]2026_60-69 ΕΞΟΔΑ+ΟΜ 2'!D27 | E67: =D71/$D$43 | F67: =D71 | G67: =F71/$F$43 | I67: =H71/$H$43 | J67: =H71 | K67: =J71/$J$38 | L67: ='[1]2024_60-69 ΕΞΟΔΑ+ΟΜ 2'!D27 | M67: =L71/$L$43 | N67: =L71 | O67: =N71/$N$43 | P67: =F71-N71 | Q67: =N71/F71
A68: 71 | B68: 29 | C68: =[1]ΑΝΤΙΣΤΟΙΧΙΣΗ!I211 | D68: ='[1]2026_60-69 ΕΞΟΔΑ+ΟΜ 2'!D28 | E68: =D72/$D$43 | F68: =D72 | G68: =F72/$F$43 | I68: =H72/$H$43 | J68: =H72 | K68: =J72/$J$38 | L68: ='[1]2024_60-69 ΕΞΟΔΑ+ΟΜ 2'!D28 | M68: =L72/$L$43 | N68: =L72 | O68: =N72/$N$43 | P68: =F72-N72 | Q68: =N72/F72
A69: 72 | B69: 30 | C69: =[1]ΑΝΤΙΣΤΟΙΧΙΣΗ!I212 | D69: ='[1]2026_60-69 ΕΞΟΔΑ+ΟΜ 2'!D29 | E69: =D73/$D$43 | F69: =D73 | G69: =F73/$F$43 | I69: =H73/$H$43 | J69: =H73 | K69: =J73/$J$38 | L69: ='[1]2024_60-69 ΕΞΟΔΑ+ΟΜ 2'!D29 | M69: =L73/$L$43 | N69: =L73 | O69: =N73/$N$43 | P69: =F73-N73 | Q69: =N73/F73
A70: 73 | B70: 31 | C70: =[1]ΑΝΤΙΣΤΟΙΧΙΣΗ!I213 | D70: 0 | E70: =D74/$D$43 | F70: =D74 | G70: =F74/$F$43 | I70: =H74/$H$43 | J70: =H74 | K70: =J74/$J$38 | L70: ='[1]2024_60-69 ΕΞΟΔΑ+ΟΜ 2'!D30 | M70: =L74/$L$43 | N70: =L74 | O70: =N74/$N$43 | P70: =F74-N74 | Q70: =N74/F74
A71: 74 | B71: 32 | C71: =[1]ΑΝΤΙΣΤΟΙΧΙΣΗ!I214 | D71: ='[1]2026_60-69 ΕΞΟΔΑ+ΟΜ 2'!D31 | E71: =D75/$D$43 | F71: =D75 | G71: =F75/$F$43 | I71: =H75/$H$43 | J71: =H75 | K71: =J75/$J$38 | L71: ='[1]2024_60-69 ΕΞΟΔΑ+ΟΜ 2'!D31 | M71: =L75/$L$43 | N71: =L75 | O71: =N75/$N$43 | P71: =F75-N75 | Q71: =N75/F75
A72: 75 | B72: 33 | C72: =[1]ΑΝΤΙΣΤΟΙΧΙΣΗ!I215 | D72: ='[1]2026_60-69 ΕΞΟΔΑ+ΟΜ 2'!D32 | E72: =D76/$D$43 | F72: =D76 | G72: =F76/$F$43 | I72: =H76/$H$43 | J72: =H76 | K72: =J76/$J$38 | L72: ='[1]2024_60-69 ΕΞΟΔΑ+ΟΜ 2'!D32 | N72: =L76 | O72: =N76/$N$43 | P72: =F76-N76 | Q72: =N76/F76
A73: 76 | B73: 34 | C73: =[1]ΑΝΤΙΣΤΟΙΧΙΣΗ!I216 | D73: ='[1]2026_60-69 ΕΞΟΔΑ+ΟΜ 2'!D33 | E73: =D77/$D$43 | F73: =D77 | G73: =F77/$F$43 | I73: =H77/$H$43 | J73: =H77 | K73: =J77/$J$38 | L73: ='[1]2024_60-69 ΕΞΟΔΑ+ΟΜ 2'!D33 | N73: =L77 | O73: =N77/$N$43 | P73: =F77-N77 | Q73: =N77/F77
A74: 77 | C74: ΣΥΝΟΛΟ ΑΜΕΣΟΥ ΚΟΣΤΟΥΣ | D74: ='[1]2026_60-69 ΕΞΟΔΑ+ΟΜ 2'!D3 | F74: ='[1]2026_60-69 ΕΞΟΔΑ+ΟΜ 2'!Q3 | H74: =SUM(H44:H77) | J74: =SUM(J44:J77) | L74: =SUM(L44:L77) | N74: =SUM(N44:N77) | P74: =SUM(P44:P77)
A75: 78 | C75: Ελεγχος Ορθότητας ( πρέπει να είναι 0) | D75: =D43-D78 | F75: =F43-F78 | H75: =H43-H78 | J75: =J43-J78 | L75: =L43-L78 | N75: =N43-N78 | P75: =P43-P78
A76: 79 | C76: Μεικτό περιθώριο Κέρδους | D76: =D38-D78 | F76: =F38-F78 | H76: =H38-H78 | J76: =J38-J78 | L76: =L38-L78 | N76: =N38-N78 | P76: =P38-P78
A77: 80 | C77: ΑΝΑΛΥΣΗ ΕΤΟΥΣ 2026 | D77: =[1]ΑΝΤΙΣΤΟΙΧΙΣΗ!$F$32 | H77: =[1]ΑΝΤΙΣΤΟΙΧΙΣΗ!$F$35 | L77: =[1]ΑΝΤΙΣΤΟΙΧΙΣΗ!$F$68 | P77: =[1]ΑΝΤΙΣΤΟΙΧΙΣΗ!$F$100
A78: 81 | C78: ΕΙΔΟΣ ΕΣΟΔΩΝ | D78: =[1]ΑΝΤΙΣΤΟΙΧΙΣΗ!$F$106 | G78: =[1]ΑΝΤΙΣΤΟΙΧΙΣΗ!$D$34 | H78: =[1]ΑΝΤΙΣΤΟΙΧΙΣΗ!$F$106 | K78: =[1]ΑΝΤΙΣΤΟΙΧΙΣΗ!$D$34 | L78: =[1]ΑΝΤΙΣΤΟΙΧΙΣΗ!$F$120 | O78: =[1]ΑΝΤΙΣΤΟΙΧΙΣΗ!$D$33
A79: 82 | B79: Γ | C79: Κατηγορία Εξόδου | D79: Ποσά | E79: % Κατηγ.Εξ/Σύν.Κδιάθ.μηνός | F79: Προοδευτικό Σύνολο Κατηγ. Εξόδων έως Σήμερα | G79: % Προοδ. Σύν. Κατηγ. Εξ/ Προοδ. Σύνολο Εξόδων | H79: Εξοδα Μηνός | I79: % Κατηγ.Εξ/Σύν.Κδιά .μηνός | J79: Προοδευτικό Σύνολο Κατηγ. Εξόδων έως Σήμερα | K79: % Προοδ. Σύν. Κατηγ. Εξ/ Προοδ. Σύνολο Εξόδων | L79: Εξοδα Μηνός | M79: % Κατηγ.Εξ/Σύν.Κδιά .μηνός | N79: Προοδευτικό Σύνολο Κατηγ. Εξόδων έως Σήμερα | O79: % Προοδ. Σύν. Κατηγ. Εξ/ Προοδ. Σύνολο Εξόδων | P79: Προοδ. Διαφορά με Προηγ. Έτος ( Τρέχον Έτος - Προηγ. Έτος) | Q79: % Προοδ.Σύνολο Κατηγ. Εσ. Πρ. Έτους / Προοδ.Σύν.Εσ. Τρέχοντος Έτους
A80: 83 | B80: Α/Α | C80: ΚΟΣΤΟΣ Sales - Marketing | D80: =SUM(D47:D110) | F80: =SUM(F47:F110) | H80: =SUM(H47:H110) | J80: =SUM(J47:J110) | L80: =SUM(L47:L110) | N80: =SUM(N47:N110) | P80: =SUM(P47:P110)
A81: 84 | B81: 1 | C81: =[1]ΑΝΤΙΣΤΟΙΧΙΣΗ!L189 | D81: ='[1]2026_60-69 ΕΞΟΔΑ+ΟΜ 2'!D39 | L81: ='[1]2024_60-69 ΕΞΟΔΑ+ΟΜ 2'!D37
A82: 85 | B82: 2 | C82: =[1]ΑΝΤΙΣΤΟΙΧΙΣΗ!L190 | D82: ='[1]2026_60-69 ΕΞΟΔΑ+ΟΜ 2'!D40 | G82: =F86/$F$84 | K82: =J86/$J$84 | L82: ='[1]2024_60-69 ΕΞΟΔΑ+ΟΜ 2'!D38 | O82: =N86/$N$84
A83: 86 | B83: 3 | C83: =[1]ΑΝΤΙΣΤΟΙΧΙΣΗ!L193 | D83: ='[1]2026_60-69 ΕΞΟΔΑ+ΟΜ 2'!D43 | E83: =D87/$D$84 | F83: =D87 | G83: =F87/$F$84 | I83: =H87/$H$84 | K83: =J87/$J$84 | L83: ='[1]2024_60-69 ΕΞΟΔΑ+ΟΜ 2'!D41 | M83: =L87/$L$84 | N83: =L87 | O83: =N87/$N$84 | Q83: =SUM(D87:P87)
A84: 87 | B84: 4 | C84: =[1]ΑΝΤΙΣΤΟΙΧΙΣΗ!L194 | D84: ='[1]2026_60-69 ΕΞΟΔΑ+ΟΜ 2'!D44 | E84: =D88/$D$84 | F84: =D88 | G84: =F88/$F$84 | I84: =H88/$H$84 | K84: =J88/$J$84 | L84: ='[1]2024_60-69 ΕΞΟΔΑ+ΟΜ 2'!D42 | M84: =L88/$L$84 | N84: =L88 | O84: =N88/$N$84 | Q84: =SUM(D88:P88)
A85: 88 | B85: 5 | C85: =[1]ΑΝΤΙΣΤΟΙΧΙΣΗ!L195 | D85: ='[1]2026_60-69 ΕΞΟΔΑ+ΟΜ 2'!D45 | E85: =D89/$D$84 | F85: =D89 | G85: =F89/$F$84 | I85: =H89/$H$84 | K85: =J89/$J$84 | L85: ='[1]2024_60-69 ΕΞΟΔΑ+ΟΜ 2'!D43 | M85: =L89/$L$84 | N85: =L89 | O85: =N89/$N$84 | Q85: =SUM(D89:P89)
A86: 89 | B86: 6 | C86: =[1]ΑΝΤΙΣΤΟΙΧΙΣΗ!L196 | D86: ='[1]2026_60-69 ΕΞΟΔΑ+ΟΜ 2'!D46 | E86: =D90/$D$84 | F86: =D90 | G86: =F90/$F$84 | I86: =H90/$H$84 | K86: =J90/$J$84 | L86: ='[1]2024_60-69 ΕΞΟΔΑ+ΟΜ 2'!D44 | M86: =L90/$L$84 | N86: =L90 | O86: =N90/$N$84 | Q86: =SUM(D90:P90)
A87: 90 | B87: 7 | C87: =[1]ΑΝΤΙΣΤΟΙΧΙΣΗ!L197 | D87: ='[1]2026_60-69 ΕΞΟΔΑ+ΟΜ 2'!D47 | E87: =D91/$D$84 | F87: =D91 | G87: =F91/$F$84 | I87: =H91/$H$84 | K87: =J91/$J$84 | L87: ='[1]2024_60-69 ΕΞΟΔΑ+ΟΜ 2'!D45 | M87: =L91/$L$84 | N87: =L91 | O87: =N91/$N$84 | Q87: =SUM(D91:P91)
A88: 91 | B88: 8 | C88: =[1]ΑΝΤΙΣΤΟΙΧΙΣΗ!L198 | D88: ='[1]2026_60-69 ΕΞΟΔΑ+ΟΜ 2'!D48 | E88: =D92/$D$84 | F88: =D92 | G88: =F92/$F$84 | I88: =H92/$H$84 | K88: =J92/$J$84 | L88: ='[1]2024_60-69 ΕΞΟΔΑ+ΟΜ 2'!D46 | M88: =L92/$L$84 | N88: =L92 | O88: =N92/$N$84 | Q88: =SUM(D92:P92)
A89: 92 | B89: 9 | C89: =[1]ΑΝΤΙΣΤΟΙΧΙΣΗ!L199 | D89: ='[1]2026_60-69 ΕΞΟΔΑ+ΟΜ 2'!D49 | E89: =D93/$D$84 | F89: =D93 | G89: =F93/$F$84 | I89: =H93/$H$84 | K89: =J93/$J$84 | L89: ='[1]2024_60-69 ΕΞΟΔΑ+ΟΜ 2'!D47 | M89: =L93/$L$84 | N89: =L93 | O89: =N93/$N$84 | Q89: =SUM(D93:P93)
A90: 93 | B90: 10 | C90: =[1]ΑΝΤΙΣΤΟΙΧΙΣΗ!L200 | D90: ='[1]2026_60-69 ΕΞΟΔΑ+ΟΜ 2'!D50 | E90: =D94/$D$84 | F90: =D94 | G90: =F94/$F$84 | I90: =H94/$H$84 | K90: =J94/$J$84 | L90: ='[1]2024_60-69 ΕΞΟΔΑ+ΟΜ 2'!D48 | M90: =L94/$L$84 | N90: =L94 | O90: =N94/$N$84 | Q90: =SUM(D94:P94)
A91: 94 | B91: 11 | C91: =[1]ΑΝΤΙΣΤΟΙΧΙΣΗ!L201 | D91: ='[1]2026_60-69 ΕΞΟΔΑ+ΟΜ 2'!D51 | E91: =D95/$D$84 | F91: =D95 | G91: =F95/$F$84 | I91: =H95/$H$84 | K91: =J95/$J$84 | L91: ='[1]2024_60-69 ΕΞΟΔΑ+ΟΜ 2'!D49 | M91: =L95/$L$84 | N91: =L95 | O91: =N95/$N$84 | Q91: =SUM(D95:P95)
A92: 95 | B92: 12 | C92: =[1]ΑΝΤΙΣΤΟΙΧΙΣΗ!L202 | D92: ='[1]2026_60-69 ΕΞΟΔΑ+ΟΜ 2'!D52 | E92: =D96/$D$84 | F92: =D96 | G92: =F96/$F$84 | I92: =H96/$H$84 | K92: =J96/$J$84 | L92: ='[1]2024_60-69 ΕΞΟΔΑ+ΟΜ 2'!D50 | M92: =L96/$L$84 | N92: =L96 | O92: =N96/$N$84 | Q92: =SUM(D96:P96)
A93: 96 | B93: 13 | C93: =[1]ΑΝΤΙΣΤΟΙΧΙΣΗ!L203 | D93: ='[1]2026_60-69 ΕΞΟΔΑ+ΟΜ 2'!D53 | E93: =D97/$D$84 | F93: =D97 | G93: =F97/$F$84 | I93: =H97/$H$84 | K93: =J97/$J$84 | L93: ='[1]2024_60-69 ΕΞΟΔΑ+ΟΜ 2'!D51 | M93: =L97/$L$84 | N93: =L97 | O93: =N97/$N$84 | Q93: =SUM(D97:P97)
A94: 97 | B94: 14 | C94: =[1]ΑΝΤΙΣΤΟΙΧΙΣΗ!L204 | D94: ='[1]2026_60-69 ΕΞΟΔΑ+ΟΜ 2'!D54 | E94: =D98/$D$84 | F94: =D98 | G94: =F98/$F$84 | I94: =H98/$H$84 | K94: =J98/$J$84 | L94: ='[1]2024_60-69 ΕΞΟΔΑ+ΟΜ 2'!D52 | M94: =L98/$L$84 | N94: =L98 | O94: =N98/$N$84 | Q94: =SUM(D98:P98)
... A101: 104 | B101: 21 | C101: =[1]ΑΝΤΙΣΤΟΙΧΙΣΗ!L211 | D101: ='[1]2026_60-69 ΕΞΟΔΑ+ΟΜ 2'!D61 | E101: =D105/$D$84 | F101: =D105 | G101: =F105/$F$84 | I101: =H105/$H$84 | K101: =J105/$J$84 | L101: ='[1]2024_60-69 ΕΞΟΔΑ+ΟΜ 2'!D59 | M101: =L105/$L$84 | N101: =L105 | O101: =N105/$N$84 | Q101: =SUM(D105:P105)
A102: 105 | B102: 22 | C102: =[1]ΑΝΤΙΣΤΟΙΧΙΣΗ!L212
A103: 106 | B103: 23 | C103: =[1]ΑΝΤΙΣΤΟΙΧΙΣΗ!L213
A104: 107 | B104: 24 | C104: =[1]ΑΝΤΙΣΤΟΙΧΙΣΗ!L214
A105: 108 | B105: 25 | C105: =[1]ΑΝΤΙΣΤΟΙΧΙΣΗ!L215
A106: 109 | B106: 26 | C106: =[1]ΑΝΤΙΣΤΟΙΧΙΣΗ!L216
A107: 110 | C107: ΣΥΝΟΛΟ ΚΟΣΤΟΥΣ Sales-Marketing ΜΗΝΟΣ | D107: ='[1]2026_60-69 ΕΞΟΔΑ+ΟΜ 2'!D36 | F107: ='[1]2026_60-69 ΕΞΟΔΑ+ΟΜ 2'!Q36 | H107: =SUM(H47:H110) | J107: =SUM(J47:J110) | L107: =SUM(L47:L110) | N107: =SUM(N47:N110) | P107: =SUM(P47:P110)
A108: 111 | C108: Ελεγχος Ορθότητας ( πρέπει να είναι 0) | D108: =D84-D111 | F108: =F84-F111 | H108: =H84-H111 | J108: =J84-J111 | L108: =L84-L111 | N108: =N84-N111 | P108: =P84-P111
...

Sheet 2026 Φεβρουάριος
A1: ΑΝΑΛΥΣΗ ΑΠΟΤΕΛΕΣΜΑΤΟΣ ΜΗΝΟΣ
A2: 1 | C2: ΑΝΑΛΥΣΗ ΕΤΟΥΣ 2026 | D2: =[1]ΑΝΤΙΣΤΟΙΧΙΣΗ!$F$32 | H2: =[1]ΑΝΤΙΣΤΟΙΧΙΣΗ!$F$35 | L2: =[1]ΑΝΤΙΣΤΟΙΧΙΣΗ!$F$68 | P2: =[1]ΑΝΤΙΣΤΟΙΧΙΣΗ!$F$100
A3: 2 | C3: ΕΙΔΟΣ ΕΣΟΔΩΝ | D3: =[1]ΑΝΤΙΣΤΟΙΧΙΣΗ!$F$107 | G3: =[1]ΑΝΤΙΣΤΟΙΧΙΣΗ!$D$34 | H3: =[1]ΑΝΤΙΣΤΟΙΧΙΣΗ!$F$107 | K3: =[1]ΑΝΤΙΣΤΟΙΧΙΣΗ!$D$34 | L3: =[1]ΑΝΤΙΣΤΟΙΧΙΣΗ!$F$121 | O3: =[1]ΑΝΤΙΣΤΟΙΧΙΣΗ!$D$33
A4: 3 | B4: Α | C4: Κατηγορία Εσόδου | D4: Εσοδο Μηνός | E4: % Εσοδο Γραμμής/Σύν.Εσ.Μηνός | F4: Προοδευτικό Σύνολο Εσόδων έως σήμερα | G4: % Προοδ.Σύνολο Κατηγ. Εσ. /Προοδ.Σύν.Εσ. Έως σήμερα | H4: Εσοδο Μηνός | I4: % Εσοδο Γραμμής /Σύν.Εσ.Μηνός | J4: Προοδευτικό έως σήμερα | K4: % Προοδ.Σύνολο Κατηγ. Εσ. /Προοδ.Σύν.Εσ. Έως σήμερα | L4: Εσοδο Μηνός 2024 | M4: % Εσοδο Γραμμής/Σύν.Εσ.Μηνός | N4: Προοδευτικό Σύνολο Εσόδων έως Τρέχοντα μήνα | O4: % Προοδ.Σύνολο Κατηγ. Εσ. /Προοδ.Σύν.Εσ. Έως σήμερα | P4: Προοδ. Διαφορά Συν. Πραγμ.Τρ. Έτους - Αντιστ. Προοδ. Σύν. Πραγμ. Προηγ. Έτους | Q4: % Προοδ. Διαφορά Κατηγ. Εσ. / Προοδ.Σύν.Προυπ. Εσ. Τρέχοντος Έτους
A5: 4 | C5: Λογιστικό Αποτέλεσμα μηνός | D5: =D7-D6 | F5: =F7-F6 | H5: =H159-H6 | J5: =J159-J6 | L5: =L7-L6 | N5: =N7-N6 | P5: =P159-P6
A6: 5 | C6: Σύνολο Εξόδων Μηνός | D6: =D43+D84+D116 | F6: =F78+F111+F157 | H6: =H38-H43-H84 | J6: =J38-J43-J84 | L6: =L43+L84+L116 | N6: =N78+N111+N157 | P6: =P38-P43-P84
A7: 6 | B7: Α/Α | C7: Σύνολο Εσόδων Μηνός | D7: =SUM(D8:D37) | F7: =SUM(F8:F37) | H7: =SUM(H8:H31) | J7: =SUM(J8:J31) | L7: =SUM(L8:L31) | N7: =L7+'[1]2026 Ιανουάριος'!N7 | P7: =SUM(P8:P31)
A8: 7 | B8: 1 | C8: =[1]ΑΝΤΙΣΤΟΙΧΙΣΗ!F187 | D8: ='[1]2026_ΕΣΟΔΑ'!D2 | E8: =D8/$D$7 | F8: ='[1]2026 Ιανουάριος'!F8+'2026 Φεβρουάριος'!D8 | G8: =F8/$F$7 | I8: =H8/$H$7 | J8: =H8+'[1]2026 Ιανουάριος'!J8 | K8: =J8/$J$7 | L8: ='[1]2024_60-69 ΕΞΟΔΑ+ΟΜ 2'!D114 | M8: =L8/$L$7 | N8: =L8+'[1]2026 Ιανουάριος'!N8 | O8: =N8/$N$7 | P8: =F8-N8 | Q8: =N8/F8
A9: 8 | B9: 2 | C9: =[1]ΑΝΤΙΣΤΟΙΧΙΣΗ!F188 | D9: ='[1]2026_ΕΣΟΔΑ'!D3 | E9: =D9/$D$7 | F9: ='[1]2026 Ιανουάριος'!F9+'2026 Φεβρουάριος'!D9 | G9: =F9/$F$7 | I9: =H9/$H$7 | J9: =H9+'[1]2026 Ιανουάριος'!J9 | K9: =J9/$J$7 | L9: ='[1]2024_60-69 ΕΞΟΔΑ+ΟΜ 2'!D115 | M9: =L9/$L$7 | N9: =L9+'[1]2026 Ιανουάριος'!N9 | O9: =N9/$N$7 | P9: =F9-N9 | Q9: =N9/F9
A10: 9 | B10: 3 | C10: =[1]ΑΝΤΙΣΤΟΙΧΙΣΗ!F189 | D10: ='[1]2026_ΕΣΟΔΑ'!D4 | E10: =D10/$D$7 | F10: ='[1]2026 Ιανουάριος'!F10+'2026 Φεβρουάριος'!D10 | G10: =F10/$F$7 | I10: =H10/$H$7 | J10: =H10+'[1]2026 Ιανουάριος'!J10 | K10: =J10/$J$7 | L10: ='[1]2024_60-69 ΕΞΟΔΑ+ΟΜ 2'!D116 | M10: =L10/$L$7 | N10: =L10+'[1]2026 Ιανουάριος'!N10 | O10: =N10/$N$7 | P10: =F10-N10 | Q10: =N10/F10
A11: 10 | B11: 4 | C11: =[1]ΑΝΤΙΣΤΟΙΧΙΣΗ!F190 | D11: ='[1]2026_ΕΣΟΔΑ'!D5 | E11: =D11/$D$7 | F11: ='[1]2026 Ιανουάριος'!F11+'2026 Φεβρουάριος'!D11 | G11: =F11/$F$7 | I11: =H11/$H$7 | J11: =H11+'[1]2026 Ιανουάριος'!J11 | K11: =J11/$J$7 | L11: ='[1]2024_60-69 ΕΞΟΔΑ+ΟΜ 2'!D117 | M11: =L11/$L$7 | N11: =L11+'[1]2026 Ιανουάριος'!N11 | O11: =N11/$N$7 | P11: =F11-N11 | Q11: =N11/F11
A12: 11 | B12: 5 | C12: =[1]ΑΝΤΙΣΤΟΙΧΙΣΗ!F191 | D12: ='[1]2026_ΕΣΟΔΑ'!D6 | E12: =D12/$D$7 | F12: ='[1]2026 Ιανουάριος'!F12+'2026 Φεβρουάριος'!D12 | G12: =F12/$F$7 | I12: =H12/$H$7 | J12: =H12+'[1]2026 Ιανουάριος'!J12 | K12: =J12/$J$7 | L12: ='[1]2024_60-69 ΕΞΟΔΑ+ΟΜ 2'!D118 | M12: =L12/$L$7 | N12: =L12+'[1]2026 Ιανουάριος'!N12 | O12: =N12/$N$7 | P12: =F12-N12 | Q12: =N12/F12
A13: 12 | B13: 6 | C13: =[1]ΑΝΤΙΣΤΟΙΧΙΣΗ!F192 | D13: ='[1]2026_ΕΣΟΔΑ'!D7 | E13: =D13/$D$7 | F13: ='[1]2026 Ιανουάριος'!F13+'2026 Φεβρουάριος'!D13 | G13: =F13/$F$7 | I13: =H13/$H$7 | J13: =H13+'[1]2026 Ιανουάριος'!J13 | K13: =J13/$J$7 | L13: ='[1]2024_60-69 ΕΞΟΔΑ+ΟΜ 2'!D119 | M13: =L13/$L$7 | N13: =L13+'[1]2026 Ιανουάριος'!N13 | O13: =N13/$N$7 | P13: =F13-N13 | Q13: =N13/F13
A14: 13 | B14: 7 | C14: =[1]ΑΝΤΙΣΤΟΙΧΙΣΗ!F193 | D14: ='[1]2026_ΕΣΟΔΑ'!D8 | E14: =D14/$D$7 | F14: ='[1]2026 Ιανουάριος'!F14+'2026 Φεβρουάριος'!D14 | G14: =F14/$F$7 | I14: =H14/$H$7 | J14: =H14+'[1]2026 Ιανουάριος'!J14 | K14: =J14/$J$7 | L14: ='[1]2024_60-69 ΕΞΟΔΑ+ΟΜ 2'!D120 | M14: =L14/$L$7 | N14: =L14+'[1]2026 Ιανουάριος'!N14 | O14: =N14/$N$7 | P14: =F14-N14 | Q14: =N14/F14
A15: 14 | B15: 8 | C15: =[1]ΑΝΤΙΣΤΟΙΧΙΣΗ!F194 | D15: ='[1]2026_ΕΣΟΔΑ'!D9 | E15: =D15/$D$7 | F15: ='[1]2026 Ιανουάριος'!F15+'2026 Φεβρουάριος'!D15 | G15: =F15/$F$7 | I15: =H15/$H$7 | J15: =H15+'[1]2026 Ιανουάριος'!J15 | K15: =J15/$J$7 | L15: ='[1]2024_60-69 ΕΞΟΔΑ+ΟΜ 2'!D121 | M15: =L15/$L$7 | N15: =L15+'[1]2026 Ιανουάριος'!N15 | O15: =N15/$N$7 | P15: =F15-N15 | Q15: =N15/F15
A16: 15 | B16: 9 | C16: =[1]ΑΝΤΙΣΤΟΙΧΙΣΗ!F195 | D16: ='[1]2026_ΕΣΟΔΑ'!D10 | E16: =D16/$D$7 | F16: ='[1]2026 Ιανουάριος'!F16+'2026 Φεβρουάριος'!D16 | G16: =F16/$F$7 | I16: =H16/$H$7 | J16: =H16+'[1]2026 Ιανουάριος'!J16 | K16: =J16/$J$7 | L16: ='[1]2024_60-69 ΕΞΟΔΑ+ΟΜ 2'!D122 | M16: =L16/$L$7 | N16: =L16+'[1]2026 Ιανουάριος'!N16 | O16: =N16/$N$7 | P16: =F16-N16 | Q16: =N16/F16
A17: 16 | B17: 10 | C17: =[1]ΑΝΤΙΣΤΟΙΧΙΣΗ!F196 | D17: ='[1]2026_ΕΣΟΔΑ'!D11 | E17: =D17/$D$7 | F17: ='[1]2026 Ιανουάριος'!F17+'2026 Φεβρουάριος'!D17 | G17: =F17/$F$7 | I17: =H17/$H$7 | J17: =H17+'[1]2026 Ιανουάριος'!J17 | K17: =J17/$J$7 | L17: ='[1]2024_60-69 ΕΞΟΔΑ+ΟΜ 2'!D123 | M17: =L17/$L$7 | N17: =L17+'[1]2026 Ιανουάριος'!N17 | O17: =N17/$N$7 | P17: =F17-N17 | Q17: =N17/F17
A18: 17 | B18: 11 | C18: =[1]ΑΝΤΙΣΤΟΙΧΙΣΗ!F197 | D18: ='[1]2026_ΕΣΟΔΑ'!D12 | E18: =D18/$D$7 | F18: ='[1]2026 Ιανουάριος'!F18+'2026 Φεβρουάριος'!D18 | G18: =F18/$F$7 | I18: =H18/$H$7 | J18: =H18+'[1]2026 Ιανουάριος'!J18 | K18: =J18/$J$7 | L18: ='[1]2024_60-69 ΕΞΟΔΑ+ΟΜ 2'!D124 | M18: =L18/$L$7 | N18: =L18+'[1]2026 Ιανουάριος'!N18 | O18: =N18/$N$7 | P18: =F18-N18 | Q18: =N18/F18
A19: 18 | B19: 12 | C19: =[1]ΑΝΤΙΣΤΟΙΧΙΣΗ!F198 | D19: ='[1]2026_ΕΣΟΔΑ'!D13 | E19: =D19/$D$7 | F19: ='[1]2026 Ιανουάριος'!F19+'2026 Φεβρουάριος'!D19 | G19: =F19/$F$7 | I19: =H19/$H$7 | J19: =H19+'[1]2026 Ιανουάριος'!J19 | K19: =J19/$J$7 | L19: ='[1]2024_60-69 ΕΞΟΔΑ+ΟΜ 2'!D125 | M19: =L19/$L$7 | N19: =L19+'[1]2026 Ιανουάριος'!N19 | O19: =N19/$N$7 | P19: =F19-N19 | Q19: =N19/F19
... A23: 22 | B23: 16 | C23: =[1]ΑΝΤΙΣΤΟΙΧΙΣΗ!F202 | D23: ='[1]2026_ΕΣΟΔΑ'!D17 | E23: =D23/$D$7 | F23: ='[1]2026 Ιανουάριος'!F23+'2026 Φεβρουάριος'!D23 | G23: =F23/$F$7 | I23: =H23/$H$7 | J23: =H23+'[1]2026 Ιανουάριος'!J23 | K23: =J23/$J$7 | L23: ='[1]2024_60-69 ΕΞΟΔΑ+ΟΜ 2'!D129 | M23: =L23/$L$7 | N23: =L23+'[1]2026 Ιανουάριος'!N23 | O23: =N23/$N$7 | P23: =F23-N23 | Q23: =N23/F23
A24: 23 | B24: 17 | C24: =[1]ΑΝΤΙΣΤΟΙΧΙΣΗ!F203 | D24: ='[1]2026_ΕΣΟΔΑ'!D18 | E24: =D24/$D$7 | F24: ='[1]2026 Ιανουάριος'!F24+'2026 Φεβρουάριος'!D24 | G24: =F24/$F$7 | H24: =[1]ΠΡΟΥΠΟΛΟΓΙΣΜΟΣ_ΕΣΟΔΑ!E225 | I24: =H24/$H$7 | J24: =H24+'[1]2026 Ιανουάριος'!J24 | K24: =J24/$J$7 | L24: ='[1]2024_60-69 ΕΞΟΔΑ+ΟΜ 2'!D130 | M24: =L24/$L$7 | N24: =L24+'[1]2026 Ιανουάριος'!N24 | O24: =N24/$N$7 | P24: =F24-N24 | Q24: =N24/F24
A25: 24 | B25: 18 | C25: =[1]ΑΝΤΙΣΤΟΙΧΙΣΗ!F204 | D25: ='[1]2026_ΕΣΟΔΑ'!D19 | E25: =D25/$D$7 | F25: ='[1]2026 Ιανουάριος'!F25+'2026 Φεβρουάριος'!D25 | G25: =F25/$F$7 | I25: =H25/$H$7 | J25: =H25+'[1]2026 Ιανουάριος'!J25 | K25: =J25/$J$7 | L25: ='[1]2024_60-69 ΕΞΟΔΑ+ΟΜ 2'!D131 | M25: =L25/$L$7 | N25: =L25+'[1]2026 Ιανουάριος'!N25 | O25: =N25/$N$7 | P25: =F25-N25 | Q25: =N25/F25
A26: 25 | B26: 19 | C26: =[1]ΑΝΤΙΣΤΟΙΧΙΣΗ!F205 | D26: ='[1]2026_ΕΣΟΔΑ'!D20 | E26: =D26/$D$7 | F26: ='[1]2026 Ιανουάριος'!F26+'2026 Φεβρουάριος'!D26 | G26: =F26/$F$7 | I26: =H26/$H$7 | J26: =H26+'[1]2026 Ιανουάριος'!J26 | K26: =J26/$J$7 | L26: ='[1]2024_60-69 ΕΞΟΔΑ+ΟΜ 2'!D132 | M26: =L26/$L$7 | N26: =L26+'[1]2026 Ιανουάριος'!N26 | O26: =N26/$N$7 | P26: =F26-N26 | Q26: =N26/F26
A27: 26 | B27: 20 | C27: =[1]ΑΝΤΙΣΤΟΙΧΙΣΗ!F206 | D27: ='[1]2026_ΕΣΟΔΑ'!D21 | E27: =D27/$D$7 | F27: ='[1]2026 Ιανουάριος'!F27+'2026 Φεβρουάριος'!D27 | G27: =F27/$F$7 | I27: =H27/$H$7 | J27: =H27+'[1]2026 Ιανουάριος'!J27 | K27: =J27/$J$7 | L27: ='[1]2024_60-69 ΕΞΟΔΑ+ΟΜ 2'!D133 | M27: =L27/$L$7 | N27: =L27+'[1]2026 Ιανουάριος'!N27 | O27: =N27/$N$7 | P27: =F27-N27 | Q27: =N27/F27
A28: 27 | B28: 21 | C28: =[1]ΑΝΤΙΣΤΟΙΧΙΣΗ!F207 | D28: ='[1]2026_ΕΣΟΔΑ'!D22 | E28: =D28/$D$7 | F28: ='[1]2026 Ιανουάριος'!F28+'2026 Φεβρουάριος'!D28 | G28: =F28/$F$7 | I28: =H28/$H$7 | J28: =H28+'[1]2026 Ιανουάριος'!J28 | K28: =J28/$J$7 | L28: ='[1]2024_60-69 ΕΞΟΔΑ+ΟΜ 2'!D134 | M28: =L28/$L$7 | N28: =L28+'[1]2026 Ιανουάριος'!N28 | O28: =N28/$N$7 | P28: =F28-N28 | Q28: =N28/F28
A29: 28 | B29: 22 | C29: =[1]ΑΝΤΙΣΤΟΙΧΙΣΗ!F208 | D29: ='[1]2026_ΕΣΟΔΑ'!D23 | E29: =D29/$D$7 | F29: ='[1]2026 Ιανουάριος'!F29+'2026 Φεβρουάριος'!D29 | G29: =F29/$F$7 | I29: =H29/$H$7 | J29: =H29+'[1]2026 Ιανουάριος'!J29 | K29: =J29/$J$7 | L29: ='[1]2024_60-69 ΕΞΟΔΑ+ΟΜ 2'!D135 | M29: =L29/$L$7 | N29: =L29+'[1]2026 Ιανουάριος'!N29 | O29: =N29/$N$7 | P29: =F29-N29 | Q29: =N29/F29
A30: 29 | B30: 23 | C30: =[1]ΑΝΤΙΣΤΟΙΧΙΣΗ!F209 | D30: ='[1]2026_ΕΣΟΔΑ'!D24 | E30: =D30/$D$7 | F30: ='[1]2026 Ιανουάριος'!F30+'2026 Φεβρουάριος'!D30 | G30: =F30/$F$7 | I30: =H30/$H$7 | J30: =H30+'[1]2026 Ιανουάριος'!J30 | K30: =J30/$J$7 | L30: ='[1]2024_60-69 ΕΞΟΔΑ+ΟΜ 2'!D136 | M30: =L30/$L$7 | N30: =L30+'[1]2026 Ιανουάριος'!N30 | O30: =N30/$N$7 | P30: =F30-N30 | Q30: =N30/F30
A31: 30 | B31: 24 | C31: =[1]ΑΝΤΙΣΤΟΙΧΙΣΗ!F210 | D31: ='[1]2026_ΕΣΟΔΑ'!D25 | E31: =D31/$D$7 | F31: ='[1]2026 Ιανουάριος'!F31+'2026 Φεβρουάριος'!D31 | G31: =F31/$F$7 | I31: =H31/$H$7 | J31: =H31+'[1]2026 Ιανουάριος'!J31 | K31: =J31/$J$7 | L31: ='[1]2024_60-69 ΕΞΟΔΑ+ΟΜ 2'!D137 | M31: =L31/$L$7 | N31: =L31+'[1]2026 Ιανουάριος'!N31 | O31: =N31/$N$7 | P31: =F31-N31 | Q31: =N31/F31
A32: 31 | B32: 25 | C32: =[1]ΑΝΤΙΣΤΟΙΧΙΣΗ!F211 | D32: ='[1]2026_ΕΣΟΔΑ'!D26 | E32: =D32/$D$7 | F32: ='[1]2026 Ιανουάριος'!F32+'2026 Φεβρουάριος'!D32 | G32: =F32/$F$7 | I32: =H32/$H$7 | J32: =H32+'[1]2026 Ιανουάριος'!J32 | K32: =J32/$J$7 | L32: ='[1]2024_60-69 ΕΞΟΔΑ+ΟΜ 2'!D138 | M32: =L32/$L$7 | N32: =L32+'[1]2026 Ιανουάριος'!N32 | O32: =N32/$N$7 | P32: =F32-N32 | Q32: =N32/F32
A33: 32 | B33: 26 | C33: =[1]ΑΝΤΙΣΤΟΙΧΙΣΗ!F212 | D33: ='[1]2026_ΕΣΟΔΑ'!D27 | E33: =D33/$D$7 | F33: ='[1]2026 Ιανουάριος'!F33+'2026 Φεβρουάριος'!D33 | G33: =F33/$F$7 | I33: =H33/$H$7 | J33: =H33+'[1]2026 Ιανουάριος'!J33 | K33: =J33/$J$7 | L33: ='[1]2024_60-69 ΕΞΟΔΑ+ΟΜ 2'!D139 | M33: =L33/$L$7 | N33: =L33+'[1]2026 Ιανουάριος'!N33 | O33: =N33/$N$7 | P33: =F33-N33 | Q33: =N33/F33
A34: 33 | B34: 27 | C34: =[1]ΑΝΤΙΣΤΟΙΧΙΣΗ!F213 | D34: ='[1]2026_ΕΣΟΔΑ'!D28 | E34: =D34/$D$7 | F34: ='[1]2026 Ιανουάριος'!F34+'2026 Φεβρουάριος'!D34 | G34: =F34/$F$7 | I34: =H34/$H$7 | J34: =H34+'[1]2026 Ιανουάριος'!J34 | K34: =J34/$J$7 | L34: ='[1]2024_60-69 ΕΞΟΔΑ+ΟΜ 2'!D140 | M34: =L34/$L$7 | N34: =L34+'[1]2026 Ιανουάριος'!N34 | O34: =N34/$N$7 | P34: =F34-N34 | Q34: =N34/F34
A35: 34 | B35: 28 | C35: =[1]ΑΝΤΙΣΤΟΙΧΙΣΗ!F214 | D35: ='[1]2026_ΕΣΟΔΑ'!D29 | E35: =D35/$D$7 | F35: ='[1]2026 Ιανουάριος'!F35+'2026 Φεβρουάριος'!D35 | G35: =F35/$F$7 | I35: =H35/$H$7 | J35: =H35+'[1]2026 Ιανουάριος'!J35 | K35: =J35/$J$7 | L35: ='[1]2024_60-69 ΕΞΟΔΑ+ΟΜ 2'!D141 | M35: =L35/$L$7 | N35: =L35+'[1]2026 Ιανουάριος'!N35 | O35: =N35/$N$7 | P35: =F35-N35 | Q35: =N35/F35
A36: 35 | B36: 29 | C36: =[1]ΑΝΤΙΣΤΟΙΧΙΣΗ!F215 | D36: ='[1]2026_ΕΣΟΔΑ'!D30 | E36: =D36/$D$7 | F36: ='[1]2026 Ιανουάριος'!F36+'2026 Φεβρουάριος'!D36 | G36: =F36/$F$7 | I36: =H36/$H$7 | J36: =H36+'[1]2026 Ιανουάριος'!J36 | K36: =J36/$J$7 | L36: ='[1]2024_60-69 ΕΞΟΔΑ+ΟΜ 2'!D142 | M36: =L36/$L$7 | N36: =L36+'[1]2026 Ιανουάριος'!N36 | O36: =N36/$N$7 | P36: =F36-N36 | Q36: =N36/F36
A37: 36 | B37: 30 | C37: =[1]ΑΝΤΙΣΤΟΙΧΙΣΗ!F216 | D37: ='[1]2026_ΕΣΟΔΑ'!D31 | E37: =D37/$D$7 | F37: ='[1]2026 Ιανουάριος'!F37+'2026 Φεβρουάριος'!D37 | G37: =F37/$F$7 | I37: =H37/$H$7 | J37: =H37+'[1]2026 Ιανουάριος'!J37 | K37: =J37/$J$7 | L37: ='[1]2024_60-69 ΕΞΟΔΑ+ΟΜ 2'!D143 | M37: =L37/$L$7 | N37: =L37+'[1]2026 Ιανουάριος'!N37 | O37: =N37/$N$7 | P37: =F37-N37 | Q37: =N37/F37
A38: 37 | C38: ΣΥΝΟΛΟ ΕΣΟΔΩΝ ΜΗΝΟΣ | D38: ='[1]2026_ΕΣΟΔΑ'!D32 | F38: ='[1]2026_ΕΣΟΔΑ'!D34 | H38: =SUM(H8:H31) | J38: =SUM(J8:J31) | L38: =SUM(L8:L31) | N38: =SUM(N8:N31) | P38: =SUM(P8:P31)
A39: 38 | C39: Ελεγχος Ορθότητας ( πρέπει να είναι 0) | D39: =D7-D38 | F39: =F7-F38 | H39: =H7-H38 | J39: =J7-J38 | L39: =L7-L38 | N39: =N7-N38 | P39: =P7-P38
A40: 39 | C40: ΑΝΑΛΥΣΗ ΕΤΟΥΣ 2026 | D40: =[1]ΑΝΤΙΣΤΟΙΧΙΣΗ!$F$32 | H40: =[1]ΑΝΤΙΣΤΟΙΧΙΣΗ!$F$35 | L40: =[1]ΑΝΤΙΣΤΟΙΧΙΣΗ!$F$68 | P40: =[1]ΑΝΤΙΣΤΟΙΧΙΣΗ!$F$100
A41: 40 | C41: ΠΕΡΙΟΔΟΣ | D41: =[1]ΑΝΤΙΣΤΟΙΧΙΣΗ!$F$107 | G41: =[1]ΑΝΤΙΣΤΟΙΧΙΣΗ!$D$34 | H41: =[1]ΑΝΤΙΣΤΟΙΧΙΣΗ!$F$107 | K41: =[1]ΑΝΤΙΣΤΟΙΧΙΣΗ!$D$34 | L41: =[1]ΑΝΤΙΣΤΟΙΧΙΣΗ!$F$121 | O41: =[1]ΑΝΤΙΣΤΟΙΧΙΣΗ!$D$33
A42: 41 | B42: Β | C42: ΚΑΤΗΓΟΡΙΑ ΕΞΟΔΟΥ | D42: Ποσά | E42: % Εξοδο Γραμμής /Σύν.Εξόδων μηνός | F42: Προοδ Σύν. Κατηγ. Εξόδων έως Σήμερα | G42: % Προοδ. Σύνολο Κατηγ. Εξ./ Προοδ. Σύνολο Εξόδων Έως σήμερα | H42: Αμ. Κόστ. Υπηρ. Μηνός | I42: % Εξοδο Γραμμής /Σύν.Εξόδων μηνός | J42: Προοδ Σύν. Κατηγ. Εξόδων έως Σήμερα | K42: % Προοδ. Σύνολο Κατηγ. Εξ./ Προοδ. Σύνολο Εξόδων Έως σήμερα | L42: Αμ. Κόστ. Υπηρ. Μηνός | M42: % Κατηγ.Εξ/Σύν.Αμ.Κο.Υπ.μηνός | N42: Προοδ Σύν. Κατηγ. Εξ έως Σήμερα | O42: % Προοδ. Σύν. Κατηγ. Εξ/ Προοδ. Σύνολο Εξόδων | P42: Προοδ. Διαφορά με Προηγ. Έτος ( Τρέχον Έτος - Προηγ. Έτος) | Q42: % Προοδ.Σύν Κατηγ. Εξ. Πρ. Έτους / Προοδ.Σύν.Εξ. Τρέχοντος Έτους
A43: 42 | B43: Α/Α | C43: Αμεσο Κόστος Υπηρεσιών | D43: =SUM(D44:D77) | F43: =SUM(F44:F77) | H43: =SUM(H44:H77) | J43: =SUM(J44:J77) | L43: =SUM(L44:L77) | N43: =SUM(N44:N77) | P43: =SUM(P44:P77)
A44: 43 | B44: 1 | C44: =[1]ΑΝΤΙΣΤΟΙΧΙΣΗ!I187 | D44: ='[1]2026_60-69 ΕΞΟΔΑ+ΟΜ 2'!E4 | E44: =D44/$D$78 | F44: ='[1]2026 Ιανουάριος'!F44+'2026 Φεβρουάριος'!D44 | G44: =F44/$F$43 | I44: =H44/$H$43 | J44: =H44 | K44: =J44/$J$38 | L44: ='[1]2024_60-69 ΕΞΟΔΑ+ΟΜ 2'!E4 | M44: =L44/$L$43 | N44: =L44+'[1]2026 Ιανουάριος'!L44 | O44: =N44/$N$43 | P44: =F44-N44 | Q44: =N44/F44
A45: 44 | B45: 2 | C45: =[1]ΑΝΤΙΣΤΟΙΧΙΣΗ!I188 | D45: ='[1]2026_60-69 ΕΞΟΔΑ+ΟΜ 2'!E5 | E45: =D45/$D$78 | F45: ='[1]2026 Ιανουάριος'!F45+'2026 Φεβρουάριος'!D45 | G45: =F45/$F$43 | I45: =H45/$H$43 | J45: =H45 | K45: =J45/$J$38 | L45: ='[1]2024_60-69 ΕΞΟΔΑ+ΟΜ 2'!E5 | M45: =L45/$L$43 | N45: =L45+'[1]2026 Ιανουάριος'!L45 | O45: =N45/$N$43 | P45: =F45-N45 | Q45: =N45/F45
A46: 45 | B46: 3 | C46: =[1]ΑΝΤΙΣΤΟΙΧΙΣΗ!I189 | D46: ='[1]2026_60-69 ΕΞΟΔΑ+ΟΜ 2'!E6 | E46: =D46/$D$78 | F46: ='[1]2026 Ιανουάριος'!F46+'2026 Φεβρουάριος'!D46 | G46: =F46/$F$43 | I46: =H46/$H$43 | J46: =H46 | K46: =J46/$J$38 | L46: ='[1]2024_60-69 ΕΞΟΔΑ+ΟΜ 2'!E6 | M46: =L46/$L$43 | N46: =L46+'[1]2026 Ιανουάριος'!L46 | O46: =N46/$N$43 | P46: =F46-N46 | Q46: =N46/F46
A47: 48 | B47: 6 | C47: =[1]ΑΝΤΙΣΤΟΙΧΙΣΗ!I190 | D47: ='[1]2026_60-69 ΕΞΟΔΑ+ΟΜ 2'!E7 | E47: =D49/$D$78 | F47: ='[1]2026 Ιανουάριος'!F47+'2026 Φεβρουάριος'!D49 | G47: =F49/$F$43 | I47: =H49/$H$43 | J47: =H49 | K47: =J49/$J$38 | L47: ='[1]2024_60-69 ΕΞΟΔΑ+ΟΜ 2'!E7 | M47: =L49/$L$43 | N47: =L49+'[1]2026 Ιανουάριος'!L47 | O47: =N49/$N$43 | P47: =F49-N49 | Q47: =N49/F49
A48: 49 | B48: 7 | C48: =[1]ΑΝΤΙΣΤΟΙΧΙΣΗ!I191 | D48: ='[1]2026_60-69 ΕΞΟΔΑ+ΟΜ 2'!E8 | E48: =D50/$D$78 | F48: ='[1]2026 Ιανουάριος'!F48+'2026 Φεβρουάριος'!D50 | G48: =F50/$F$43 | I48: =H50/$H$43 | J48: =H50 | K48: =J50/$J$38 | L48: ='[1]2024_60-69 ΕΞΟΔΑ+ΟΜ 2'!E8 | M48: =L50/$L$43 | N48: =L50+'[1]2026 Ιανουάριος'!L48 | O48: =N50/$N$43 | P48: =F50-N50 | Q48: =N50/F50
A49: 50 | B49: 8 | C49: =[1]ΑΝΤΙΣΤΟΙΧΙΣΗ!I192 | D49: ='[1]2026_60-69 ΕΞΟΔΑ+ΟΜ 2'!E9 | E49: =D51/$D$78 | F49: ='[1]2026 Ιανουάριος'!F49+'2026 Φεβρουάριος'!D51 | G49: =F51/$F$43 | I49: =H51/$H$43 | J49: =H51 | K49: =J51/$J$38 | L49: ='[1]2024_60-69 ΕΞΟΔΑ+ΟΜ 2'!E9 | M49: =L51/$L$43 | N49: =L51+'[1]2026 Ιανουάριος'!L49 | O49: =N51/$N$43 | P49: =F51-N51 | Q49: =N51/F51
A50: 53 | B50: 11 | C50: =[1]ΑΝΤΙΣΤΟΙΧΙΣΗ!I193 | D50: ='[1]2026_60-69 ΕΞΟΔΑ+ΟΜ 2'!E10 | E50: =D54/$D$78 | F50: ='[1]2026 Ιανουάριος'!F50+'2026 Φεβρουάριος'!D54 | G50: =F54/$F$43 | I50: =H54/$H$43 | J50: =H54 | K50: =J54/$J$38 | L50: ='[1]2024_60-69 ΕΞΟΔΑ+ΟΜ 2'!E10 | M50: =L54/$L$43 | N50: =L54+'[1]2026 Ιανουάριος'!L50 | O50: =N54/$N$43 | P50: =F54-N54 | Q50: =N54/F54
A51: 54 | B51: 12 | C51: =[1]ΑΝΤΙΣΤΟΙΧΙΣΗ!I194 | D51: ='[1]2026_60-69 ΕΞΟΔΑ+ΟΜ 2'!E11 | E51: =D55/$D$78 | F51: ='[1]2026 Ιανουάριος'!F51+'2026 Φεβρουάριος'!D55 | G51: =F55/$F$43 | I51: =H55/$H$43 | J51: =H55 | K51: =J55/$J$38 | L51: ='[1]2024_60-69 ΕΞΟΔΑ+ΟΜ 2'!E11 | M51: =L55/$L$43 | N51: =L55+'[1]2026 Ιανουάριος'!L51 | O51: =N55/$N$43 | P51: =F55-N55 | Q51: =N55/F55
A52: 55 | B52: 13 | C52: =[1]ΑΝΤΙΣΤΟΙΧΙΣΗ!I195 | D52: ='[1]2026_60-69 ΕΞΟΔΑ+ΟΜ 2'!E12 | E52: =D56/$D$78 | F52: ='[1]2026 Ιανουάριος'!F52+'2026 Φεβρουάριος'!D56 | G52: =F56/$F$43 | I52: =H56/$H$43 | J52: =H56 | K52: =J56/$J$38 | L52: ='[1]2024_60-69 ΕΞΟΔΑ+ΟΜ 2'!E12 | M52: =L56/$L$43 | N52: =L56+'[1]2026 Ιανουάριος'!L52 | O52: =N56/$N$43 | P52: =F56-N56 | Q52: =N56/F56
A53: 56 | B53: 14 | C53: =[1]ΑΝΤΙΣΤΟΙΧΙΣΗ!I196 | D53: ='[1]2026_60-69 ΕΞΟΔΑ+ΟΜ 2'!E13 | E53: =D57/$D$78 | F53: ='[1]2026 Ιανουάριος'!F53+'2026 Φεβρουάριος'!D57 | G53: =F57/$F$43 | I53: =H57/$H$43 | J53: =H57 | K53: =J57/$J$38 | L53: ='[1]2024_60-69 ΕΞΟΔΑ+ΟΜ 2'!E13 | M53: =L57/$L$43 | N53: =L57+'[1]2026 Ιανουάριος'!L53 | O53: =N57/$N$43 | P53: =F57-N57 | Q53: =N57/F57
A54: 57 | B54: 15 | C54: =[1]ΑΝΤΙΣΤΟΙΧΙΣΗ!I197 | D54: ='[1]2026_60-69 ΕΞΟΔΑ+ΟΜ 2'!E14 | E54: =D58/$D$78 | F54: ='[1]2026 Ιανουάριος'!F54+'2026 Φεβρουάριος'!D58 | G54: =F58/$F$43 | I54: =H58/$H$43 | J54: =H58 | K54: =J58/$J$38 | L54: ='[1]2024_60-69 ΕΞΟΔΑ+ΟΜ 2'!E14 | M54: =L58/$L$43 | N54: =L58+'[1]2026 Ιανουάριος'!L54 | O54: =N58/$N$43 | P54: =F58-N58 | Q54: =N58/F58
A55: 58 | B55: 16 | C55: =[1]ΑΝΤΙΣΤΟΙΧΙΣΗ!I198 | D55: ='[1]2026_60-69 ΕΞΟΔΑ+ΟΜ 2'!E15 | E55: =D59/$D$78 | F55: ='[1]2026 Ιανουάριος'!F55+'2026 Φεβρουάριος'!D59 | G55: =F59/$F$43 | I55: =H59/$H$43 | L55: ='[1]2024_60-69 ΕΞΟΔΑ+ΟΜ 2'!E15 | N55: =L59+'[1]2026 Ιανουάριος'!L55 | O55: =N59/$N$43
A56: 59 | B56: 17 | C56: =[1]ΑΝΤΙΣΤΟΙΧΙΣΗ!I199 | D56: ='[1]2026_60-69 ΕΞΟΔΑ+ΟΜ 2'!E16 | E56: =D60/$D$78 | F56: ='[1]2026 Ιανουάριος'!F56+'2026 Φεβρουάριος'!D60 | G56: =F60/$F$43 | I56: =H60/$H$43 | J56: =H60 | K56: =J60/$J$38 | L56: ='[1]2024_60-69 ΕΞΟΔΑ+ΟΜ 2'!E16 | M56: =L60/$L$43 | N56: =L60+'[1]2026 Ιανουάριος'!L56 | O56: =N60/$N$43 | P56: =F60-N60 | Q56: =N60/F60
A57: 60 | B57: 18 | C57: =[1]ΑΝΤΙΣΤΟΙΧΙΣΗ!I200 | D57: ='[1]2026_60-69 ΕΞΟΔΑ+ΟΜ 2'!E17 | E57: =D61/$D$78 | F57: ='[1]2026 Ιανουάριος'!F57+'2026 Φεβρουάριος'!D61 | G57: =F61/$F$43 | I57: =H61/$H$43 | J57: =H61 | K57: =J61/$J$38 | L57: ='[1]2024_60-69 ΕΞΟΔΑ+ΟΜ 2'!E17 | M57: =L61/$L$43 | N57: =L61+'[1]2026 Ιανουάριος'!L57 | O57: =N61/$N$43 | P57: =F61-N61 | Q57: =N61/F61
A58: 61 | B58: 19 | C58: =[1]ΑΝΤΙΣΤΟΙΧΙΣΗ!I201 | D58: ='[1]2026_60-69 ΕΞΟΔΑ+ΟΜ 2'!E18 | E58: =D62/$D$78 | F58: ='[1]2026 Ιανουάριος'!F58+'2026 Φεβρουάριος'!D62 | G58: =F62/$F$43 | I58: =H62/$H$43 | J58: =H62 | K58: =J62/$J$38 | L58: ='[1]2024_60-69 ΕΞΟΔΑ+ΟΜ 2'!E18 | M58: =L62/$L$43 | N58: =L62+'[1]2026 Ιανουάριος'!L58 | O58: =N62/$N$43 | P58: =F62-N62 | Q58: =N62/F62
A59: 62 | B59: 20 | C59: =[1]ΑΝΤΙΣΤΟΙΧΙΣΗ!I202 | D59: ='[1]2026_60-69 ΕΞΟΔΑ+ΟΜ 2'!E19 | E59: =D63/$D$78 | F59: ='[1]2026 Ιανουάριος'!F59+'2026 Φεβρουάριος'!D63 | G59: =F63/$F$43 | I59: =H63/$H$43 | J59: =H63 | K59: =J63/$J$38 | L59: ='[1]2024_60-69 ΕΞΟΔΑ+ΟΜ 2'!E19 | M59: =L63/$L$43 | N59: =L63+'[1]2026 Ιανουάριος'!L59 | O59: =N63/$N$43 | P59: =F63-N63 | Q59: =N63/F63
A60: 63 | B60: 21 | C60: =[1]ΑΝΤΙΣΤΟΙΧΙΣΗ!I203 | D60: ='[1]2026_60-69 ΕΞΟΔΑ+ΟΜ 2'!E20 | E60: =D64/$D$78 | F60: ='[1]2026 Ιανουάριος'!F60+'2026 Φεβρουάριος'!D64 | G60: =F64/$F$43 | I60: =H64/$H$43 | J60: =H64 | K60: =J64/$J$38 | L60: ='[1]2024_60-69 ΕΞΟΔΑ+ΟΜ 2'!E20 | M60: =L64/$L$43 | N60: =L64+'[1]2026 Ιανουάριος'!L60 | O60: =N64/$N$43 | P60: =F64-N64 | Q60: =N64/F64
A61: 64 | B61: 22 | C61: =[1]ΑΝΤΙΣΤΟΙΧΙΣΗ!I204 | D61: ='[1]2026_60-69 ΕΞΟΔΑ+ΟΜ 2'!D184 | E61: =D65/$D$78 | F61: ='[1]2026 Ιανουάριος'!F61+'2026 Φεβρουάριος'!D65 | G61: =F65/$F$43 | I61: =H65/$H$43 | J61: =H65 | K61: =J65/$J$38 | L61: ='[1]2024_60-69 ΕΞΟΔΑ+ΟΜ 2'!E21 | M61: =L65/$L$43 | N61: =L65+'[1]2026 Ιανουάριος'!L61 | O61: =N65/$N$43 | P61: =F65-N65 | Q61: =N65/F65
A62: 65 | B62: 23 | C62: =[1]ΑΝΤΙΣΤΟΙΧΙΣΗ!I205 | D62: ='[1]2026_60-69 ΕΞΟΔΑ+ΟΜ 2'!E22 | E62: =D66/$D$78 | F62: ='[1]2026 Ιανουάριος'!F62+'2026 Φεβρουάριος'!D66 | G62: =F66/$F$43 | I62: =H66/$H$43 | J62: =H66 | K62: =J66/$J$38 | L62: ='[1]2024_60-69 ΕΞΟΔΑ+ΟΜ 2'!E22 | M62: =L66/$L$43 | N62: =L66+'[1]2026 Ιανουάριος'!L62 | O62: =N66/$N$43 | P62: =F66-N66 | Q62: =N66/F66
A63: 66 | B63: 24 | C63: =[1]ΑΝΤΙΣΤΟΙΧΙΣΗ!I206 | D63: ='[1]2026_60-69 ΕΞΟΔΑ+ΟΜ 2'!E23 | E63: =D67/$D$78 | F63: ='[1]2026 Ιανουάριος'!F63+'2026 Φεβρουάριος'!D67 | G63: =F67/$F$43 | I63: =H67/$H$43 | J63: =H67 | K63: =J67/$J$38 | L63: ='[1]2024_60-69 ΕΞΟΔΑ+ΟΜ 2'!E23 | M63: =L67/$L$43 | N63: =L67+'[1]2026 Ιανουάριος'!L63 | O63: =N67/$N$43 | P63: =F67-N67 | Q63: =N67/F67
A64: 67 | B64: 25 | C64: =[1]ΑΝΤΙΣΤΟΙΧΙΣΗ!I207 | D64: ='[1]2026_60-69 ΕΞΟΔΑ+ΟΜ 2'!E24 | E64: =D68/$D$78 | F64: ='[1]2026 Ιανουάριος'!F64+'2026 Φεβρουάριος'!D68 | G64: =F68/$F$43 | I64: =H68/$H$43 | J64: =H68 | K64: =J68/$J$38 | L64: ='[1]2024_60-69 ΕΞΟΔΑ+ΟΜ 2'!E24 | M64: =L68/$L$43 | N64: =L68+'[1]2026 Ιανουάριος'!L64 | O64: =N68/$N$43 | P64: =F68-N68 | Q64: =N68/F68
A65: 68 | B65: 26 | C65: =[1]ΑΝΤΙΣΤΟΙΧΙΣΗ!I208 | D65: ='[1]2026_60-69 ΕΞΟΔΑ+ΟΜ 2'!E25 | E65: =D69/$D$78 | F65: ='[1]2026 Ιανουάριος'!F65+'2026 Φεβρουάριος'!D69 | G65: =F69/$F$43 | I65: =H69/$H$43 | J65: =H69 | K65: =J69/$J$38 | L65: ='[1]2024_60-69 ΕΞΟΔΑ+ΟΜ 2'!E25 | M65: =L69/$L$43 | N65: =L69+'[1]2026 Ιανουάριος'!L65 | O65: =N69/$N$43 | P65: =F69-N69 | Q65: =N69/F69
A66: 69 | B66: 27 | C66: =[1]ΑΝΤΙΣΤΟΙΧΙΣΗ!I209 | D66: ='[1]2026_60-69 ΕΞΟΔΑ+ΟΜ 2'!E26 | E66: =D70/$D$78 | F66: ='[1]2026 Ιανουάριος'!F66+'2026 Φεβρουάριος'!D70 | G66: =F70/$F$43 | I66: =H70/$H$43 | J66: =H70 | K66: =J70/$J$38 | L66: ='[1]2024_60-69 ΕΞΟΔΑ+ΟΜ 2'!E26 | M66: =L70/$L$43 | N66: =L70+'[1]2026 Ιανουάριος'!L66 | O66: =N70/$N$43 | P66: =F70-N70 | Q66: =N70/F70
A67: 70 | B67: 28 | C67: =[1]ΑΝΤΙΣΤΟΙΧΙΣΗ!I210 | D67: ='[1]2026_60-69 ΕΞΟΔΑ+ΟΜ 2'!E27 | E67: =D71/$D$78 | F67: ='[1]2026 Ιανουάριος'!F67+'2026 Φεβρουάριος'!D71 | G67: =F71/$F$43 | I67: =H71/$H$43 | J67: =H71 | K67: =J71/$J$38 | L67: ='[1]2024_60-69 ΕΞΟΔΑ+ΟΜ 2'!E27 | M67: =L71/$L$43 | N67: =L71+'[1]2026 Ιανουάριος'!L67 | O67: =N71/$N$43 | P67: =F71-N71 | Q67: =N71/F71
A68: 71 | B68: 29 | C68: =[1]ΑΝΤΙΣΤΟΙΧΙΣΗ!I211 | D68: ='[1]2026_60-69 ΕΞΟΔΑ+ΟΜ 2'!E28 | E68: =D72/$D$78 | F68: ='[1]2026 Ιανουάριος'!F68+'2026 Φεβρουάριος'!D72 | G68: =F72/$F$43 | I68: =H72/$H$43 | J68: =H72 | K68: =J72/$J$38 | L68: ='[1]2024_60-69 ΕΞΟΔΑ+ΟΜ 2'!E28 | M68: =L72/$L$43 | N68: =L72+'[1]2026 Ιανουάριος'!L68 | O68: =N72/$N$43 | P68: =F72-N72 | Q68: =N72/F72
A69: 72 | B69: 30 | C69: =[1]ΑΝΤΙΣΤΟΙΧΙΣΗ!I212 | D69: ='[1]2026_60-69 ΕΞΟΔΑ+ΟΜ 2'!E29 | E69: =D73/$D$78 | F69: ='[1]2026 Ιανουάριος'!F69+'2026 Φεβρουάριος'!D73 | G69: =F73/$F$43 | I69: =H73/$H$43 | J69: =H73 | K69: =J73/$J$38 | L69: ='[1]2024_60-69 ΕΞΟΔΑ+ΟΜ 2'!E29 | M69: =L73/$L$43 | N69: =L73+'[1]2026 Ιανουάριος'!L69 | O69: =N73/$N$43 | P69: =F73-N73 | Q69: =N73/F73
A70: 73 | B70: 31 | C70: =[1]ΑΝΤΙΣΤΟΙΧΙΣΗ!I213 | D70: 0 | E70: =D74/$D$78 | F70: ='[1]2026 Ιανουάριος'!F70+'2026 Φεβρουάριος'!D74 | G70: =F74/$F$43 | I70: =H74/$H$43 | J70: =H74 | K70: =J74/$J$38 | L70: ='[1]2024_60-69 ΕΞΟΔΑ+ΟΜ 2'!E30 | M70: =L74/$L$43 | N70: =L74+'[1]2026 Ιανουάριος'!L70 | O70: =N74/$N$43 | P70: =F74-N74 | Q70: =N74/F74
A71: 74 | B71: 32 | C71: =[1]ΑΝΤΙΣΤΟΙΧΙΣΗ!I214 | D71: ='[1]2026_60-69 ΕΞΟΔΑ+ΟΜ 2'!E31 | E71: =D75/$D$78 | F71: ='[1]2026 Ιανουάριος'!F71+'2026 Φεβρουάριος'!D75 | G71: =F75/$F$43 | I71: =H75/$H$43 | J71: =H75 | K71: =J75/$J$38 | L71: ='[1]2024_60-69 ΕΞΟΔΑ+ΟΜ 2'!E31 | M71: =L75/$L$43 | N71: =L75+'[1]2026 Ιανουάριος'!L71 | O71: =N75/$N$43 | P71: =F75-N75 | Q71: =N75/F75
A72: 75 | B72: 33 | C72: =[1]ΑΝΤΙΣΤΟΙΧΙΣΗ!I215 | D72: ='[1]2026_60-69 ΕΞΟΔΑ+ΟΜ 2'!E32 | E72: =D76/$D$78 | F72: ='[1]2026 Ιανουάριος'!F72+'2026 Φεβρουάριος'!D76 | G72: =F76/$F$43 | I72: =H76/$H$43 | J72: =H76 | K72: =J76/$J$38 | L72: ='[1]2024_60-69 ΕΞΟΔΑ+ΟΜ 2'!E32 | M72: =L76/$L$43 | N72: =L76+'[1]2026 Ιανουάριος'!L72 | O72: =N76/$N$43 | P72: =F76-N76 | Q72: =N76/F76
A73: 76 | B73: 34 | C73: =[1]ΑΝΤΙΣΤΟΙΧΙΣΗ!I216 | D73: ='[1]2026_60-69 ΕΞΟΔΑ+ΟΜ 2'!E33 | E73: =D77/$D$78 | F73: ='[1]2026 Ιανουάριος'!F73+'2026 Φεβρουάριος'!D77 | G73: =F77/$F$43 | I73: =H77/$H$43 | J73: =H77 | K73: =J77/$J$38 | L73: ='[1]2024_60-69 ΕΞΟΔΑ+ΟΜ 2'!E33 | M73: =L77/$L$43 | N73: =L77+'[1]2026 Ιανουάριος'!L73 | O73: =N77/$N$43 | P73: =F77-N77 | Q73: =N77/F77
A74: 77 | C74: ΣΥΝΟΛΟ ΑΜΕΣΟΥ ΚΟΣΤΟΥΣ | D74: ='[1]2026_60-69 ΕΞΟΔΑ+ΟΜ 2'!E3 | F74: ='[1]2026_60-69 ΕΞΟΔΑ+ΟΜ 2'!R3 | H74: =SUM(H44:H77) | J74: =SUM(J44:J77) | L74: =SUM(L44:L77) | N74: =SUM(N44:N77) | P74: =SUM(P44:P77)
A75: 78 | C75: Ελεγχος Ορθότητας ( πρέπει να είναι 0) | D75: =D43-D78 | F75: =F43-F78 | H75: =H43-H78 | J75: =J43-J78 | L75: =L43-L78 | N75: =N43-N78 | P75: =P43-P78
A76: 79 | C76: Μεικτό περιθώριο Κέρδους | D76: =D38-D78 | F76: =F38-F78 | H76: =H38-H78 | I76: =I38-I43 | J76: =J38-J78 | L76: =L38-L78 | N76: =N38-N78 | P76: =P38-P78
A77: 80 | C77: ΑΝΑΛΥΣΗ ΕΤΟΥΣ 2026 | D77: =[1]ΑΝΤΙΣΤΟΙΧΙΣΗ!$F$32 | H77: =[1]ΑΝΤΙΣΤΟΙΧΙΣΗ!$F$35 | L77: =[1]ΑΝΤΙΣΤΟΙΧΙΣΗ!$F$68 | P77: =[1]ΑΝΤΙΣΤΟΙΧΙΣΗ!$F$100
A78: 81 | C78: ΕΙΔΟΣ ΕΣΟΔΩΝ | D78: =[1]ΑΝΤΙΣΤΟΙΧΙΣΗ!$F$107 | G78: =[1]ΑΝΤΙΣΤΟΙΧΙΣΗ!$D$34 | H78: =[1]ΑΝΤΙΣΤΟΙΧΙΣΗ!$F$107 | K78: =[1]ΑΝΤΙΣΤΟΙΧΙΣΗ!$D$34 | L78: =[1]ΑΝΤΙΣΤΟΙΧΙΣΗ!$F$121 | O78: =[1]ΑΝΤΙΣΤΟΙΧΙΣΗ!$D$33
A79: 82 | B79: Γ | C79: Κατηγορία Εξόδου | D79: Εξοδα Sales and Marketing Μηνός | E79: % Κατηγ.Εξ/Σύν.Κδιάθ.μηνός | F79: Προοδευτικό Σύνολο Κατηγ. Εξόδων έως Σήμερα | G79: % Προοδ. Σύν. Κατηγ. Εξ/ Προοδ. Σύνολο Εσόδων | H79: Εξοδα Μηνός | I79: % Κατηγ.Εξ/Σύν.Κδιά .μηνός | J79: Προοδευτικό Σύνολο Κατηγ. Εξόδων έως Σήμερα | K79: % Προοδ. Σύν. Κατηγ. Εξ/ Προοδ. Σύνολο Εσόδων | L79: Εξοδα Μηνός | M79: % Κατηγ.Εξ/Σύν.Κδιά .μηνός | N79: Προοδευτικό Σύνολο Κατηγ. Εξόδων έως Σήμερα | O79: % Προοδ. Σύν. Κατηγ. Εξ/ Προοδ. Σύνολο Εσόδων | P79: Προοδ. Διαφορά με Προηγ. Έτος ( Τρέχον Έτος - Προηγ. Έτος) | Q79: % Προοδ.Σύνολο Κατηγ. Εσ. Πρ. Έτους / Προοδ.Σύν.Εσ. Τρέχοντος Έτους
A80: 83 | B80: Α/Α | C80: ΚΟΣΤΟΣ Sales - Marketing | D80: =SUM(D47:D110) | F80: =SUM(F47:F110) | H80: =SUM(H47:H110) | J80: =SUM(J47:J110) | L80: =SUM(L47:L110) | N80: =SUM(N47:N110) | P80: =SUM(P47:P110)
A81: 84 | B81: 1 | C81: =[1]ΑΝΤΙΣΤΟΙΧΙΣΗ!L189 | D81: ='[1]2026_60-69 ΕΞΟΔΑ+ΟΜ 2'!E39 | L81: ='[1]2024_60-69 ΕΞΟΔΑ+ΟΜ 2'!E37
A82: 85 | B82: 2 | C82: =[1]ΑΝΤΙΣΤΟΙΧΙΣΗ!L190 | D82: ='[1]2026_60-69 ΕΞΟΔΑ+ΟΜ 2'!E40 | G82: =F86/$F$84 | K82: =J86/$J$84 | L82: ='[1]2024_60-69 ΕΞΟΔΑ+ΟΜ 2'!E38 | O82: =N86/$N$84
A83: 86 | B83: 3 | C83: =[1]ΑΝΤΙΣΤΟΙΧΙΣΗ!L193 | D83: ='[1]2026_60-69 ΕΞΟΔΑ+ΟΜ 2'!E43 | E83: =D87/$D$111 | F83: ='[1]2026 Ιανουάριος'!F87+'2026 Φεβρουάριος'!D87 | G83: =F87/$F$84 | I83: =H87/$H$84 | K83: =J87/$J$84 | L83: ='[1]2024_60-69 ΕΞΟΔΑ+ΟΜ 2'!E41 | M83: =L87/$L$84 | N83: =L87+'[1]2026 Ιανουάριος'!L87 | O83: =N87/$N$84 | Q83: =SUM(D87:P87)
A84: 87 | B84: 4 | C84: =[1]ΑΝΤΙΣΤΟΙΧΙΣΗ!L194 | D84: ='[1]2026_60-69 ΕΞΟΔΑ+ΟΜ 2'!E44 | E84: =D88/$D$111 | F84: ='[1]2026 Ιανουάριος'!F88+'2026 Φεβρουάριος'!D88 | G84: =F88/$F$84 | I84: =H88/$H$84 | K84: =J88/$J$84 | L84: ='[1]2024_60-69 ΕΞΟΔΑ+ΟΜ 2'!E42 | M84: =L88/$L$84 | N84: =L88+'[1]2026 Ιανουάριος'!L88 | O84: =N88/$N$84 | Q84: =SUM(D88:P88)
A85: 88 | B85: 5 | C85: =[1]ΑΝΤΙΣΤΟΙΧΙΣΗ!L195 | D85: ='[1]2026_60-69 ΕΞΟΔΑ+ΟΜ 2'!E45 | E85: =D89/$D$111 | F85: ='[1]2026 Ιανουάριος'!F89+'2026 Φεβρουάριος'!D89 | G85: =F89/$F$84 | I85: =H89/$H$84 | K85: =J89/$J$84 | L85: ='[1]2024_60-69 ΕΞΟΔΑ+ΟΜ 2'!E43 | M85: =L89/$L$84 | N85: =L89+'[1]2026 Ιανουάριος'!L89 | O85: =N89/$N$84 | Q85: =SUM(D89:P89)
A86: 89 | B86: 6 | C86: =[1]ΑΝΤΙΣΤΟΙΧΙΣΗ!L196 | D86: ='[1]2026_60-69 ΕΞΟΔΑ+ΟΜ 2'!E46 | E86: =D90/$D$111 | F86: ='[1]2026 Ιανουάριος'!F90+'2026 Φεβρουάριος'!D90 | G86: =F90/$F$84 | I86: =H90/$H$84 | K86: =J90/$J$84 | L86: ='[1]2024_60-69 ΕΞΟΔΑ+ΟΜ 2'!E44 | M86: =L90/$L$84 | N86: =L90+'[1]2026 Ιανουάριος'!L90 | O86: =N90/$N$84 | Q86: =SUM(D90:P90)
A87: 90 | B87: 7 | C87: =[1]ΑΝΤΙΣΤΟΙΧΙΣΗ!L197 | D87: ='[1]2026_60-69 ΕΞΟΔΑ+ΟΜ 2'!E47 | E87: =D91/$D$111 | F87: ='[1]2026 Ιανουάριος'!F91+'2026 Φεβρουάριος'!D91 | G87: =F91/$F$84 | I87: =H91/$H$84 | K87: =J91/$J$84 | L87: ='[1]2024_60-69 ΕΞΟΔΑ+ΟΜ 2'!E45 | M87: =L91/$L$84 | N87: =L91+'[1]2026 Ιανουάριος'!L91 | O87: =N91/$N$84 | Q87: =SUM(D91:P91)
A88: 91 | B88: 8 | C88: =[1]ΑΝΤΙΣΤΟΙΧΙΣΗ!L198 | D88: ='[1]2026_60-69 ΕΞΟΔΑ+ΟΜ 2'!E48 | E88: =D92/$D$111 | F88: ='[1]2026 Ιανουάριος'!F92+'2026 Φεβρουάριος'!D92 | G88: =F92/$F$84 | I88: =H92/$H$84 | K88: =J92/$J$84 | L88: ='[1]2024_60-69 ΕΞΟΔΑ+ΟΜ 2'!E46 | M88: =L92/$L$84 | N88: =L92+'[1]2026 Ιανουάριος'!L92 | O88: =N92/$N$84 | Q88: =SUM(D92:P92)
A89: 92 | B89: 9 | C89: =[1]ΑΝΤΙΣΤΟΙΧΙΣΗ!L199 | D89: ='[1]2026_60-69 ΕΞΟΔΑ+ΟΜ 2'!E49 | E89: =D93/$D$111 | F89: ='[1]2026 Ιανουάριος'!F93+'2026 Φεβρουάριος'!D93 | G89: =F93/$F$84 | I89: =H93/$H$84 | K89: =J93/$J$84 | L89: ='[1]2024_60-69 ΕΞΟΔΑ+ΟΜ 2'!E47 | M89: =L93/$L$84 | N89: =L93+'[1]2026 Ιανουάριος'!L93 | O89: =N93/$N$84 | Q89: =SUM(D93:P93)
A90: 93 | B90: 10 | C90: =[1]ΑΝΤΙΣΤΟΙΧΙΣΗ!L200 | D90: ='[1]2026_60-69 ΕΞΟΔΑ+ΟΜ 2'!E50 | E90: =D94/$D$111 | F90: ='[1]2026 Ιανουάριος'!F94+'2026 Φεβρουάριος'!D94 | G90: =F94/$F$84 | I90: =H94/$H$84 | K90: =J94/$J$84 | L90: ='[1]2024_60-69 ΕΞΟΔΑ+ΟΜ 2'!E48 | M90: =L94/$L$84 | N90: =L94+'[1]2026 Ιανουάριος'!L94 | O90: =N94/$N$84 | Q90: =SUM(D94:P94)
A91: 94 | B91: 11 | C91: =[1]ΑΝΤΙΣΤΟΙΧΙΣΗ!L201 | D91: ='[1]2026_60-69 ΕΞΟΔΑ+ΟΜ 2'!E51 | E91: =D95/$D$111 | F91: ='[1]2026 Ιανουάριος'!F95+'2026 Φεβρουάριος'!D95 | G91: =F95/$F$84 | I91: =H95/$H$84 | K91: =J95/$J$84 | L91: ='[1]2024_60-69 ΕΞΟΔΑ+ΟΜ 2'!E49 | M91: =L95/$L$84 | N91: =L95+'[1]2026 Ιανουάριος'!L95 | O91: =N95/$N$84 | Q91: =SUM(D95:P95)
A92: 95 | B92: 12 | C92: =[1]ΑΝΤΙΣΤΟΙΧΙΣΗ!L202 | D92: ='[1]2026_60-69 ΕΞΟΔΑ+ΟΜ 2'!E52 | E92: =D96/$D$111 | F92: ='[1]2026 Ιανουάριος'!F96+'2026 Φεβρουάριος'!D96 | G92: =F96/$F$84 | I92: =H96/$H$84 | K92: =J96/$J$84 | L92: ='[1]2024_60-69 ΕΞΟΔΑ+ΟΜ 2'!E50 | M92: =L96/$L$84 | N92: =L96+'[1]2026 Ιανουάριος'!L96 | O92: =N96/$N$84 | Q92: =SUM(D96:P96)
A93: 96 | B93: 13 | C93: =[1]ΑΝΤΙΣΤΟΙΧΙΣΗ!L203 | D93: ='[1]2026_60-69 ΕΞΟΔΑ+ΟΜ 2'!E53 | E93: =D97/$D$111 | F93: ='[1]2026 Ιανουάριος'!F97+'2026 Φεβρουάριος'!D97 | G93: =F97/$F$84 | I93: =H97/$H$84 | K93: =J97/$J$84 | L93: ='[1]2024_60-69 ΕΞΟΔΑ+ΟΜ 2'!E51 | M93: =L97/$L$84 | N93: =L97+'[1]2026 Ιανουάριος'!L97 | O93: =N97/$N$84 | Q93: =SUM(D97:P97)
A94: 97 | B94: 14 | C94: =[1]ΑΝΤΙΣΤΟΙΧΙΣΗ!L204 | D94: ='[1]2026_60-69 ΕΞΟΔΑ+ΟΜ 2'!E54 | E94: =D98/$D$111 | F94: ='[1]2026 Ιανουάριος'!F98+'2026 Φεβρουάριος'!D98 | G94: =F98/$F$84 | I94: =H98/$H$84 | K94: =J98/$J$84 | L94: ='[1]2024_60-69 ΕΞΟΔΑ+ΟΜ 2'!E52 | M94: =L98/$L$84 | N94: =L98+'[1]2026 Ιανουάριος'!L98 | O94: =N98/$N$84 | Q94: =SUM(D98:P98)
... A101: 104 | B101: 21 | C101: =[1]ΑΝΤΙΣΤΟΙΧΙΣΗ!L211 | D101: ='[1]2026_60-69 ΕΞΟΔΑ+ΟΜ 2'!E61 | E101: =D105/$D$111 | F101: ='[1]2026 Ιανουάριος'!F105+'2026 Φεβρουάριος'!D105 | G101: =F105/$F$84 | I101: =H105/$H$84 | K101: =J105/$J$84 | L101: ='[1]2024_60-69 ΕΞΟΔΑ+ΟΜ 2'!E59 | M101: =L105/$L$84 | N101: =L105+'[1]2026 Ιανουάριος'!L105 | O101: =N105/$N$84 | Q101: =SUM(D105:P105)
A102: 105 | B102: 22 | C102: =[1]ΑΝΤΙΣΤΟΙΧΙΣΗ!L212
A103: 106 | B103: 23 | C103: =[1]ΑΝΤΙΣΤΟΙΧΙΣΗ!L213
A104: 107 | B104: 24 | C104: =[1]ΑΝΤΙΣΤΟΙΧΙΣΗ!L214
A105: 108 | B105: 25 | C105: =[1]ΑΝΤΙΣΤΟΙΧΙΣΗ!L215
A106: 109 | B106: 26 | C106: =[1]ΑΝΤΙΣΤΟΙΧΙΣΗ!L216
A107: 110 | C107: ΣΥΝΟΛΟ ΚΟΣΤΟΥΣ Sales-Marketing ΜΗΝΟΣ | D107: ='[1]2026_60-69 ΕΞΟΔΑ+ΟΜ 2'!E36 | F107: ='[1]2026_60-69 ΕΞΟΔΑ+ΟΜ 2'!R36 | H107: =SUM(H47:H110) | J107: =SUM(J47:J110) | L107: =SUM(L47:L110) | N107: =SUM(N47:N110) | P107: =SUM(P47:P110)
A108: 111 | C108: Ελεγχος Ορθότητας ( πρέπει να είναι 0) | D108: =D84-D111 | F108: =F84-F111 | H108: =H84-H111 | J108: =J84-J111 | L108: =L84-L111 | N108: =N84-N111 | P108: =P84-P111
A109: 112 | C109: ΑΝΑΛΥΣΗ ΕΤΟΥΣ 2026 | D109: =[1]ΑΝΤΙΣΤΟΙΧΙΣΗ!$F$32 | H109: =[1]ΑΝΤΙΣΤΟΙΧΙΣΗ!$F$35 | L109: =[1]ΑΝΤΙΣΤΟΙΧΙΣΗ!$F$68 | P109: =[1]ΑΝΤΙΣΤΟΙΧΙΣΗ!$F$100
...

Sheet 2026 Μάρτιος
A1: ΑΝΑΛΥΣΗ ΑΠΟΤΕΛΕΣΜΑΤΟΣ ΜΗΝΟΣ
A2: 1 | C2: ΑΝΑΛΥΣΗ ΕΤΟΥΣ 2026 | D2: =[1]ΑΝΤΙΣΤΟΙΧΙΣΗ!$F$32 | H2: =[1]ΑΝΤΙΣΤΟΙΧΙΣΗ!$F$35 | L2: =[1]ΑΝΤΙΣΤΟΙΧΙΣΗ!$F$68 | P2: =[1]ΑΝΤΙΣΤΟΙΧΙΣΗ!$F$100
A3: 2 | C3: ΕΙΔΟΣ ΕΣΟΔΩΝ | D3: =[1]ΑΝΤΙΣΤΟΙΧΙΣΗ!$F$108 | G3: =[1]ΑΝΤΙΣΤΟΙΧΙΣΗ!$D$34 | H3: =[1]ΑΝΤΙΣΤΟΙΧΙΣΗ!$F$108 | K3: =[1]ΑΝΤΙΣΤΟΙΧΙΣΗ!$D$34 | L3: =[1]ΑΝΤΙΣΤΟΙΧΙΣΗ!$F$122 | O3: =[1]ΑΝΤΙΣΤΟΙΧΙΣΗ!$D$33
A4: 3 | B4: Α | C4: Κατηγορία Εσόδου | D4: Εσοδο Μηνός | E4: % Εσοδο Γραμμής/Σύν.Εσ.Μηνός | F4: Προοδευτικό Σύνολο Εσόδων έως σήμερα | G4: % Προοδ.Σύνολο Κατηγ. Εσ. /Προοδ.Σύν.Εσ. Έως σήμερα | H4: Εσοδο Μηνός | I4: % Εσοδο Γραμμής /Σύν.Εσ.Μηνός | J4: Προοδευτικό έως σήμερα | K4: % Προοδ.Σύνολο Κατηγ. Εσ. /Προοδ.Σύν.Εσ. Έως σήμερα | L4: Εσοδο Μηνός 2024 | M4: % Εσοδο Γραμμής/Σύν.Εσ.Μηνός | N4: Προοδευτικό Σύνολο Εσόδων έως Τρέχοντα μήνα | O4: % Προοδ.Σύνολο Κατηγ. Εσ. /Προοδ.Σύν.Εσ. Έως σήμερα | P4: Προοδ. Διαφορά Συν. Πραγμ.Τρ. Έτους - Αντιστ. Προοδ. Σύν. Πραγμ. Προηγ. Έτους | Q4: % Προοδ. Διαφορά Κατηγ. Εσ. / Προοδ.Σύν.Προυπ. Εσ. Τρέχοντος Έτους
A5: 4 | C5: Λογιστικό Αποτέλεσμα μηνός | D5: =D7-D6 | F5: =F7-F6 | H5: =H159-H6 | J5: =J159-J6 | L5: =L7-L6 | N5: =N7-N6 | P5: =P159-P6
A6: 5 | C6: Σύνολο Εξόδων Μηνός | D6: =D43+D84+D116 | F6: =F78+F111+F157 | H6: =H38-H43-H84 | J6: =J38-J43-J84 | L6: =L43+L84+L116 | N6: =N78+N111+N157 | P6: =P38-P43-P84
A7: 6 | B7: Α/Α | C7: Σύνολο Εσόδων Μηνός | D7: =SUM(D8:D37) | F7: =SUM(F8:F37) | H7: =SUM(H8:H31) | J7: =SUM(J8:J31) | L7: =SUM(L8:L31) | N7: =L7+'[1]2026 Φεβρουάριος'!N7 | P7: =SUM(P8:P31)
A8: 7 | B8: 1 | C8: =[1]ΑΝΤΙΣΤΟΙΧΙΣΗ!F187 | D8: ='[1]2026_ΕΣΟΔΑ'!E2 | E8: =D8/$D$7 | F8: =D8+'[1]2026 Φεβρουάριος'!F8 | G8: =F8/$F$7 | I8: =H8/$H$7 | J8: =H8+'[1]2026 Φεβρουάριος'!J8 | K8: =J8/$J$7 | L8: ='[1]2024_60-69 ΕΞΟΔΑ+ΟΜ 2'!E114 | M8: =L8/$L$7 | N8: =L8+'[1]2026 Φεβρουάριος'!N8 | O8: =N8/$N$7 | P8: =F8-N8 | Q8: =N8/F8
A9: 8 | B9: 2 | C9: =[1]ΑΝΤΙΣΤΟΙΧΙΣΗ!F188 | D9: ='[1]2026_ΕΣΟΔΑ'!E3 | E9: =D9/$D$7 | F9: =D9+'[1]2026 Φεβρουάριος'!F9 | G9: =F9/$F$7 | I9: =H9/$H$7 | J9: =H9+'[1]2026 Φεβρουάριος'!J9 | K9: =J9/$J$7 | L9: ='[1]2024_60-69 ΕΞΟΔΑ+ΟΜ 2'!E115 | M9: =L9/$L$7 | N9: =L9+'[1]2026 Φεβρουάριος'!N9 | O9: =N9/$N$7 | P9: =F9-N9 | Q9: =N9/F9
A10: 9 | B10: 3 | C10: =[1]ΑΝΤΙΣΤΟΙΧΙΣΗ!F189 | D10: ='[1]2026_ΕΣΟΔΑ'!E4 | E10: =D10/$D$7 | F10: =D10+'[1]2026 Φεβρουάριος'!F10 | G10: =F10/$F$7 | I10: =H10/$H$7 | J10: =H10+'[1]2026 Φεβρουάριος'!J10 | K10: =J10/$J$7 | L10: ='[1]2024_60-69 ΕΞΟΔΑ+ΟΜ 2'!E116 | M10: =L10/$L$7 | N10: =L10+'[1]2026 Φεβρουάριος'!N10 | O10: =N10/$N$7 | P10: =F10-N10 | Q10: =N10/F10
A11: 10 | B11: 4 | C11: =[1]ΑΝΤΙΣΤΟΙΧΙΣΗ!F190 | D11: ='[1]2026_ΕΣΟΔΑ'!E5 | E11: =D11/$D$7 | F11: =D11+'[1]2026 Φεβρουάριος'!F11 | G11: =F11/$F$7 | I11: =H11/$H$7 | J11: =H11+'[1]2026 Φεβρουάριος'!J11 | K11: =J11/$J$7 | L11: ='[1]2024_60-69 ΕΞΟΔΑ+ΟΜ 2'!E117 | M11: =L11/$L$7 | N11: =L11+'[1]2026 Φεβρουάριος'!N11 | O11: =N11/$N$7 | P11: =F11-N11 | Q11: =N11/F11
A12: 11 | B12: 5 | C12: =[1]ΑΝΤΙΣΤΟΙΧΙΣΗ!F191 | D12: ='[1]2026_ΕΣΟΔΑ'!E6 | E12: =D12/$D$7 | F12: =D12+'[1]2026 Φεβρουάριος'!F12 | G12: =F12/$F$7 | I12: =H12/$H$7 | J12: =H12+'[1]2026 Φεβρουάριος'!J12 | K12: =J12/$J$7 | L12: ='[1]2024_60-69 ΕΞΟΔΑ+ΟΜ 2'!E118 | M12: =L12/$L$7 | N12: =L12+'[1]2026 Φεβρουάριος'!N12 | O12: =N12/$N$7 | P12: =F12-N12 | Q12: =N12/F12
A13: 12 | B13: 6 | C13: =[1]ΑΝΤΙΣΤΟΙΧΙΣΗ!F192 | D13: ='[1]2026_ΕΣΟΔΑ'!E7 | E13: =D13/$D$7 | F13: =D13+'[1]2026 Φεβρουάριος'!F13 | G13: =F13/$F$7 | I13: =H13/$H$7 | J13: =H13+'[1]2026 Φεβρουάριος'!J13 | K13: =J13/$J$7 | L13: ='[1]2024_60-69 ΕΞΟΔΑ+ΟΜ 2'!E119 | M13: =L13/$L$7 | N13: =L13+'[1]2026 Φεβρουάριος'!N13 | O13: =N13/$N$7 | P13: =F13-N13 | Q13: =N13/F13
A14: 13 | B14: 7 | C14: =[1]ΑΝΤΙΣΤΟΙΧΙΣΗ!F193 | D14: ='[1]2026_ΕΣΟΔΑ'!E8 | E14: =D14/$D$7 | F14: =D14+'[1]2026 Φεβρουάριος'!F14 | G14: =F14/$F$7 | I14: =H14/$H$7 | J14: =H14+'[1]2026 Φεβρουάριος'!J14 | K14: =J14/$J$7 | L14: ='[1]2024_60-69 ΕΞΟΔΑ+ΟΜ 2'!E120 | M14: =L14/$L$7 | N14: =L14+'[1]2026 Φεβρουάριος'!N14 | O14: =N14/$N$7 | P14: =F14-N14 | Q14: =N14/F14
A15: 14 | B15: 8 | C15: =[1]ΑΝΤΙΣΤΟΙΧΙΣΗ!F194 | D15: ='[1]2026_ΕΣΟΔΑ'!E9 | E15: =D15/$D$7 | F15: =D15+'[1]2026 Φεβρουάριος'!F15 | G15: =F15/$F$7 | I15: =H15/$H$7 | J15: =H15+'[1]2026 Φεβρουάριος'!J15 | K15: =J15/$J$7 | L15: ='[1]2024_60-69 ΕΞΟΔΑ+ΟΜ 2'!E121 | M15: =L15/$L$7 | N15: =L15+'[1]2026 Φεβρουάριος'!N15 | O15: =N15/$N$7 | P15: =F15-N15 | Q15: =N15/F15
A16: 15 | B16: 9 | C16: =[1]ΑΝΤΙΣΤΟΙΧΙΣΗ!F195 | D16: ='[1]2026_ΕΣΟΔΑ'!E10 | E16: =D16/$D$7 | F16: =D16+'[1]2026 Φεβρουάριος'!F16 | G16: =F16/$F$7 | I16: =H16/$H$7 | J16: =H16+'[1]2026 Φεβρουάριος'!J16 | K16: =J16/$J$7 | L16: ='[1]2024_60-69 ΕΞΟΔΑ+ΟΜ 2'!E122 | M16: =L16/$L$7 | N16: =L16+'[1]2026 Φεβρουάριος'!N16 | O16: =N16/$N$7 | P16: =F16-N16 | Q16: =N16/F16
A17: 16 | B17: 10 | C17: =[1]ΑΝΤΙΣΤΟΙΧΙΣΗ!F196 | D17: ='[1]2026_ΕΣΟΔΑ'!E11 | E17: =D17/$D$7 | F17: =D17+'[1]2026 Φεβρουάριος'!F17 | G17: =F17/$F$7 | I17: =H17/$H$7 | J17: =H17+'[1]2026 Φεβρουάριος'!J17 | K17: =J17/$J$7 | L17: ='[1]2024_60-69 ΕΞΟΔΑ+ΟΜ 2'!E123 | M17: =L17/$L$7 | N17: =L17+'[1]2026 Φεβρουάριος'!N17 | O17: =N17/$N$7 | P17: =F17-N17 | Q17: =N17/F17
A18: 17 | B18: 11 | C18: =[1]ΑΝΤΙΣΤΟΙΧΙΣΗ!F197 | D18: ='[1]2026_ΕΣΟΔΑ'!E12 | E18: =D18/$D$7 | F18: =D18+'[1]2026 Φεβρουάριος'!F18 | G18: =F18/$F$7 | I18: =H18/$H$7 | J18: =H18+'[1]2026 Φεβρουάριος'!J18 | K18: =J18/$J$7 | L18: ='[1]2024_60-69 ΕΞΟΔΑ+ΟΜ 2'!E124 | M18: =L18/$L$7 | N18: =L18+'[1]2026 Φεβρουάριος'!N18 | O18: =N18/$N$7 | P18: =F18-N18 | Q18: =N18/F18
A19: 18 | B19: 12 | C19: =[1]ΑΝΤΙΣΤΟΙΧΙΣΗ!F198 | D19: ='[1]2026_ΕΣΟΔΑ'!E13 | E19: =D19/$D$7 | F19: =D19+'[1]2026 Φεβρουάριος'!F19 | G19: =F19/$F$7 | I19: =H19/$H$7 | J19: =H19+'[1]2026 Φεβρουάριος'!J19 | K19: =J19/$J$7 | L19: ='[1]2024_60-69 ΕΞΟΔΑ+ΟΜ 2'!E125 | M19: =L19/$L$7 | N19: =L19+'[1]2026 Φεβρουάριος'!N19 | O19: =N19/$N$7 | P19: =F19-N19 | Q19: =N19/F19
... A23: 22 | B23: 16 | C23: =[1]ΑΝΤΙΣΤΟΙΧΙΣΗ!F202 | D23: ='[1]2026_ΕΣΟΔΑ'!E17 | E23: =D23/$D$7 | F23: =D23+'[1]2026 Φεβρουάριος'!F23 | G23: =F23/$F$7 | I23: =H23/$H$7 | J23: =H23+'[1]2026 Φεβρουάριος'!J23 | K23: =J23/$J$7 | L23: ='[1]2024_60-69 ΕΞΟΔΑ+ΟΜ 2'!E129 | M23: =L23/$L$7 | N23: =L23+'[1]2026 Φεβρουάριος'!N23 | O23: =N23/$N$7 | P23: =F23-N23 | Q23: =N23/F23
A24: 23 | B24: 17 | C24: =[1]ΑΝΤΙΣΤΟΙΧΙΣΗ!F203 | D24: ='[1]2026_ΕΣΟΔΑ'!E18 | E24: =D24/$D$7 | F24: =D24+'[1]2026 Φεβρουάριος'!F24 | G24: =F24/$F$7 | H24: =[1]ΠΡΟΥΠΟΛΟΓΙΣΜΟΣ_ΕΣΟΔΑ!E225 | I24: =H24/$H$7 | J24: =H24+'[1]2026 Φεβρουάριος'!J24 | K24: =J24/$J$7 | L24: ='[1]2024_60-69 ΕΞΟΔΑ+ΟΜ 2'!E130 | M24: =L24/$L$7 | N24: =L24+'[1]2026 Φεβρουάριος'!N24 | O24: =N24/$N$7 | P24: =F24-N24 | Q24: =N24/F24
A25: 24 | B25: 18 | C25: =[1]ΑΝΤΙΣΤΟΙΧΙΣΗ!F204 | D25: ='[1]2026_ΕΣΟΔΑ'!E19 | E25: =D25/$D$7 | F25: =D25+'[1]2026 Φεβρουάριος'!F25 | G25: =F25/$F$7 | I25: =H25/$H$7 | J25: =H25+'[1]2026 Φεβρουάριος'!J25 | K25: =J25/$J$7 | L25: ='[1]2024_60-69 ΕΞΟΔΑ+ΟΜ 2'!E131 | M25: =L25/$L$7 | N25: =L25+'[1]2026 Φεβρουάριος'!N25 | O25: =N25/$N$7 | P25: =F25-N25 | Q25: =N25/F25
A26: 25 | B26: 19 | C26: =[1]ΑΝΤΙΣΤΟΙΧΙΣΗ!F205 | D26: ='[1]2026_ΕΣΟΔΑ'!E20 | E26: =D26/$D$7 | F26: =D26+'[1]2026 Φεβρουάριος'!F26 | G26: =F26/$F$7 | I26: =H26/$H$7 | J26: =H26+'[1]2026 Φεβρουάριος'!J26 | K26: =J26/$J$7 | L26: ='[1]2024_60-69 ΕΞΟΔΑ+ΟΜ 2'!E132 | M26: =L26/$L$7 | N26: =L26+'[1]2026 Φεβρουάριος'!N26 | O26: =N26/$N$7 | P26: =F26-N26 | Q26: =N26/F26
A27: 26 | B27: 20 | C27: =[1]ΑΝΤΙΣΤΟΙΧΙΣΗ!F206 | D27: ='[1]2026_ΕΣΟΔΑ'!E21 | E27: =D27/$D$7 | F27: =D27+'[1]2026 Φεβρουάριος'!F27 | G27: =F27/$F$7 | I27: =H27/$H$7 | J27: =H27+'[1]2026 Φεβρουάριος'!J27 | K27: =J27/$J$7 | L27: ='[1]2024_60-69 ΕΞΟΔΑ+ΟΜ 2'!E133 | M27: =L27/$L$7 | N27: =L27+'[1]2026 Φεβρουάριος'!N27 | O27: =N27/$N$7 | P27: =F27-N27 | Q27: =N27/F27
A28: 27 | B28: 21 | C28: =[1]ΑΝΤΙΣΤΟΙΧΙΣΗ!F207 | D28: ='[1]2026_ΕΣΟΔΑ'!E22 | E28: =D28/$D$7 | F28: =D28+'[1]2026 Φεβρουάριος'!F28 | G28: =F28/$F$7 | I28: =H28/$H$7 | J28: =H28+'[1]2026 Φεβρουάριος'!J28 | K28: =J28/$J$7 | L28: ='[1]2024_60-69 ΕΞΟΔΑ+ΟΜ 2'!E134 | M28: =L28/$L$7 | N28: =L28+'[1]2026 Φεβρουάριος'!N28 | O28: =N28/$N$7 | P28: =F28-N28 | Q28: =N28/F28
A29: 28 | B29: 22 | C29: =[1]ΑΝΤΙΣΤΟΙΧΙΣΗ!F208 | D29: ='[1]2026_ΕΣΟΔΑ'!E23 | E29: =D29/$D$7 | F29: =D29+'[1]2026 Φεβρουάριος'!F29 | G29: =F29/$F$7 | I29: =H29/$H$7 | J29: =H29+'[1]2026 Φεβρουάριος'!J29 | K29: =J29/$J$7 | L29: ='[1]2024_60-69 ΕΞΟΔΑ+ΟΜ 2'!E135 | M29: =L29/$L$7 | N29: =L29+'[1]2026 Φεβρουάριος'!N29 | O29: =N29/$N$7 | P29: =F29-N29 | Q29: =N29/F29
A30: 29 | B30: 23 | C30: =[1]ΑΝΤΙΣΤΟΙΧΙΣΗ!F209 | D30: ='[1]2026_ΕΣΟΔΑ'!E24 | E30: =D30/$D$7 | F30: =D30+'[1]2026 Φεβρουάριος'!F30 | G30: =F30/$F$7 | I30: =H30/$H$7 | J30: =H30+'[1]2026 Φεβρουάριος'!J30 | K30: =J30/$J$7 | L30: ='[1]2024_60-69 ΕΞΟΔΑ+ΟΜ 2'!E136 | M30: =L30/$L$7 | N30: =L30+'[1]2026 Φεβρουάριος'!N30 | O30: =N30/$N$7 | P30: =F30-N30 | Q30: =N30/F30
A31: 30 | B31: 24 | C31: =[1]ΑΝΤΙΣΤΟΙΧΙΣΗ!F210 | D31: ='[1]2026_ΕΣΟΔΑ'!E25 | E31: =D31/$D$7 | F31: =D31+'[1]2026 Φεβρουάριος'!F31 | G31: =F31/$F$7 | I31: =H31/$H$7 | J31: =H31+'[1]2026 Φεβρουάριος'!J31 | K31: =J31/$J$7 | L31: ='[1]2024_60-69 ΕΞΟΔΑ+ΟΜ 2'!E137 | M31: =L31/$L$7 | N31: =L31+'[1]2026 Φεβρουάριος'!N31 | O31: =N31/$N$7 | P31: =F31-N31 | Q31: =N31/F31
A32: 31 | B32: 25 | C32: =[1]ΑΝΤΙΣΤΟΙΧΙΣΗ!F211 | D32: ='[1]2026_ΕΣΟΔΑ'!E26 | E32: =D32/$D$7 | F32: =D32+'[1]2026 Φεβρουάριος'!F32 | G32: =F32/$F$7 | I32: =H32/$H$7 | J32: =H32+'[1]2026 Φεβρουάριος'!J32 | K32: =J32/$J$7 | L32: ='[1]2024_60-69 ΕΞΟΔΑ+ΟΜ 2'!E138 | M32: =L32/$L$7 | N32: =L32+'[1]2026 Φεβρουάριος'!N32 | O32: =N32/$N$7 | P32: =F32-N32 | Q32: =N32/F32
A33: 32 | B33: 26 | C33: =[1]ΑΝΤΙΣΤΟΙΧΙΣΗ!F212 | D33: ='[1]2026_ΕΣΟΔΑ'!E27 | E33: =D33/$D$7 | F33: =D33+'[1]2026 Φεβρουάριος'!F33 | G33: =F33/$F$7 | I33: =H33/$H$7 | J33: =H33+'[1]2026 Φεβρουάριος'!J33 | K33: =J33/$J$7 | L33: ='[1]2024_60-69 ΕΞΟΔΑ+ΟΜ 2'!E139 | M33: =L33/$L$7 | N33: =L33+'[1]2026 Φεβρουάριος'!N33 | O33: =N33/$N$7 | P33: =F33-N33 | Q33: =N33/F33
A34: 33 | B34: 27 | C34: =[1]ΑΝΤΙΣΤΟΙΧΙΣΗ!F213 | D34: ='[1]2026_ΕΣΟΔΑ'!E28 | E34: =D34/$D$7 | F34: =D34+'[1]2026 Φεβρουάριος'!F34 | G34: =F34/$F$7 | I34: =H34/$H$7 | J34: =H34+'[1]2026 Φεβρουάριος'!J34 | K34: =J34/$J$7 | L34: ='[1]2024_60-69 ΕΞΟΔΑ+ΟΜ 2'!E140 | M34: =L34/$L$7 | N34: =L34+'[1]2026 Φεβρουάριος'!N34 | O34: =N34/$N$7 | P34: =F34-N34 | Q34: =N34/F34
A35: 34 | B35: 28 | C35: =[1]ΑΝΤΙΣΤΟΙΧΙΣΗ!F214 | D35: ='[1]2026_ΕΣΟΔΑ'!E29 | E35: =D35/$D$7 | F35: =D35+'[1]2026 Φεβρουάριος'!F35 | G35: =F35/$F$7 | I35: =H35/$H$7 | J35: =H35+'[1]2026 Φεβρουάριος'!J35 | K35: =J35/$J$7 | L35: ='[1]2024_60-69 ΕΞΟΔΑ+ΟΜ 2'!E141 | M35: =L35/$L$7 | N35: =L35+'[1]2026 Φεβρουάριος'!N35 | O35: =N35/$N$7 | P35: =F35-N35 | Q35: =N35/F35
A36: 35 | B36: 29 | C36: =[1]ΑΝΤΙΣΤΟΙΧΙΣΗ!F215 | D36: ='[1]2026_ΕΣΟΔΑ'!E30 | E36: =D36/$D$7 | F36: =D36+'[1]2026 Φεβρουάριος'!F36 | G36: =F36/$F$7 | I36: =H36/$H$7 | J36: =H36+'[1]2026 Φεβρουάριος'!J36 | K36: =J36/$J$7 | L36: ='[1]2024_60-69 ΕΞΟΔΑ+ΟΜ 2'!E142 | M36: =L36/$L$7 | N36: =L36+'[1]2026 Φεβρουάριος'!N36 | O36: =N36/$N$7 | P36: =F36-N36 | Q36: =N36/F36
A37: 36 | B37: 30 | C37: =[1]ΑΝΤΙΣΤΟΙΧΙΣΗ!F216 | D37: ='[1]2026_ΕΣΟΔΑ'!E31 | E37: =D37/$D$7 | F37: =D37+'[1]2026 Φεβρουάριος'!F37 | G37: =F37/$F$7 | I37: =H37/$H$7 | J37: =H37+'[1]2026 Φεβρουάριος'!J37 | K37: =J37/$J$7 | L37: ='[1]2024_60-69 ΕΞΟΔΑ+ΟΜ 2'!E143 | M37: =L37/$L$7 | N37: =L37+'[1]2026 Φεβρουάριος'!N37 | O37: =N37/$N$7 | P37: =F37-N37 | Q37: =N37/F37
A38: 37 | C38: ΣΥΝΟΛΟ ΕΣΟΔΩΝ ΜΗΝΟΣ | D38: ='[1]2026_ΕΣΟΔΑ'!E32 | F38: ='[1]2026_ΕΣΟΔΑ'!E34 | H38: =SUM(H8:H31) | J38: =SUM(J8:J31) | L38: =SUM(L8:L31) | N38: =SUM(N8:N31) | P38: =SUM(P8:P31)
A39: 38 | C39: Ελεγχος Ορθότητας ( πρέπει να είναι 0) | D39: =D7-D38 | F39: =F7-F38 | H39: =H7-H38 | J39: =J7-J38 | L39: =L7-L38 | N39: =N7-N38 | P39: =P7-P38
A40: 39 | C40: ΑΝΑΛΥΣΗ ΕΤΟΥΣ 2026 | D40: =[1]ΑΝΤΙΣΤΟΙΧΙΣΗ!$F$32 | H40: =[1]ΑΝΤΙΣΤΟΙΧΙΣΗ!$F$35 | L40: =[1]ΑΝΤΙΣΤΟΙΧΙΣΗ!$F$68 | P40: =[1]ΑΝΤΙΣΤΟΙΧΙΣΗ!$F$100
A41: 40 | C41: ΠΕΡΙΟΔΟΣ | D41: =[1]ΑΝΤΙΣΤΟΙΧΙΣΗ!$F$108 | G41: =[1]ΑΝΤΙΣΤΟΙΧΙΣΗ!$D$34 | H41: =[1]ΑΝΤΙΣΤΟΙΧΙΣΗ!$F$108 | K41: =[1]ΑΝΤΙΣΤΟΙΧΙΣΗ!$D$34 | L41: =[1]ΑΝΤΙΣΤΟΙΧΙΣΗ!$F$122 | O41: =[1]ΑΝΤΙΣΤΟΙΧΙΣΗ!$D$33
A42: 41 | B42: Β | C42: ΚΑΤΗΓΟΡΙΑ ΕΞΟΔΟΥ | D42: Αμ. Κόστ. Υπηρ. Μηνός | E42: % Εξοδο Γραμμής /Σύν.Εξόδων μηνός | F42: Προοδ Σύν. Κατηγ. Εξόδων έως Σήμερα | G42: % Προοδ. Σύνολο Κατηγ. Εξ./ Προοδ. Σύνολο Εξόδων Έως σήμερα | H42: Αμ. Κόστ. Υπηρ. Μηνός | I42: % Εξοδο Γραμμής /Σύν.Εξόδων μηνός | J42: Προοδ Σύν. Κατηγ. Εξόδων έως Σήμερα | K42: % Προοδ. Σύνολο Κατηγ. Εξ./ Προοδ. Σύνολο Εξόδων Έως σήμερα | L42: Αμ. Κόστ. Υπηρ. Μηνός | M42: % Κατηγ.Εξ/Σύν.Αμ.Κο.Υπ.μηνός | N42: Προοδ Σύν. Κατηγ. Εξ έως Σήμερα | O42: % Προοδ. Σύν. Κατηγ. Εξ/ Προοδ. Σύνολο Εξόδων | P42: Προοδ. Διαφορά με Προηγ. Έτος ( Τρέχον Έτος - Προηγ. Έτος) | Q42: % Προοδ.Σύν Κατηγ. Εξ. Πρ. Έτους / Προοδ.Σύν.Εξ. Τρέχοντος Έτους
A43: 42 | B43: Α/Α | C43: Αμεσο Κόστος Υπηρεσιών | D43: =SUM(D44:D77) | F43: =SUM(F44:F77) | H43: =SUM(H44:H77) | J43: =SUM(J44:J77) | L43: =SUM(L44:L77) | N43: =SUM(N44:N77) | P43: =SUM(P44:P77)
A44: 43 | B44: 1 | C44: =[1]ΑΝΤΙΣΤΟΙΧΙΣΗ!I187 | D44: ='[1]2026_60-69 ΕΞΟΔΑ+ΟΜ 2'!F4 | E44: =D44/$D$43 | F44: ='[1]2026 Φεβρουάριος'!F44+'[1]2026 Μάρτιος'!D44 | G44: =F44/$F$43 | I44: =H44/$H$43 | J44: =H44 | K44: =J44/$J$38 | L44: ='[1]2024_60-69 ΕΞΟΔΑ+ΟΜ 2'!F4 | M44: =L44/$L$43 | N44: =L44+'[1]2026 Φεβρουάριος'!N44 | O44: =N44/$N$43 | P44: =F44-N44 | Q44: =N44/F44
A45: 44 | B45: 2 | C45: =[1]ΑΝΤΙΣΤΟΙΧΙΣΗ!I188 | D45: ='[1]2026_60-69 ΕΞΟΔΑ+ΟΜ 2'!F5 | E45: =D45/$D$43 | F45: ='[1]2026 Φεβρουάριος'!F45+'[1]2026 Μάρτιος'!D45 | G45: =F45/$F$43 | I45: =H45/$H$43 | J45: =H45 | K45: =J45/$J$38 | L45: ='[1]2024_60-69 ΕΞΟΔΑ+ΟΜ 2'!F5 | M45: =L45/$L$43 | N45: =L45+'[1]2026 Φεβρουάριος'!N45 | O45: =N45/$N$43 | Q45: =N45/F45
A46: 45 | B46: 3 | C46: =[1]ΑΝΤΙΣΤΟΙΧΙΣΗ!I189 | D46: ='[1]2026_60-69 ΕΞΟΔΑ+ΟΜ 2'!F6 | E46: =D46/$D$43 | F46: ='[1]2026 Φεβρουάριος'!F46+'[1]2026 Μάρτιος'!D46 | G46: =F46/$F$43 | I46: =H46/$H$43 | J46: =H46 | K46: =J46/$J$38 | L46: ='[1]2024_60-69 ΕΞΟΔΑ+ΟΜ 2'!F6 | M46: =L46/$L$43 | N46: =L46+'[1]2026 Φεβρουάριος'!N46 | O46: =N46/$N$43 | Q46: =N46/F46
A47: 48 | B47: 6 | C47: =[1]ΑΝΤΙΣΤΟΙΧΙΣΗ!I190 | D47: ='[1]2026_60-69 ΕΞΟΔΑ+ΟΜ 2'!F7 | E47: =D49/$D$43 | F47: ='[1]2026 Φεβρουάριος'!F47+'[1]2026 Μάρτιος'!D47 | G47: =F49/$F$43 | I47: =H49/$H$43 | J47: =H49 | K47: =J49/$J$38 | L47: ='[1]2024_60-69 ΕΞΟΔΑ+ΟΜ 2'!F7 | M47: =L49/$L$43 | N47: =L49+'[1]2026 Φεβρουάριος'!N47 | O47: =N49/$N$43 | Q47: =N49/F49
A48: 49 | B48: 7 | C48: =[1]ΑΝΤΙΣΤΟΙΧΙΣΗ!I191 | D48: ='[1]2026_60-69 ΕΞΟΔΑ+ΟΜ 2'!F8 | E48: =D50/$D$43 | F48: ='[1]2026 Φεβρουάριος'!F48+'[1]2026 Μάρτιος'!D48 | G48: =F50/$F$43 | I48: =H50/$H$43 | J48: =H50 | K48: =J50/$J$38 | L48: ='[1]2024_60-69 ΕΞΟΔΑ+ΟΜ 2'!F8 | M48: =L50/$L$43 | N48: =L50+'[1]2026 Φεβρουάριος'!N48 | O48: =N50/$N$43 | Q48: =N50/F50
A49: 50 | B49: 8 | C49: =[1]ΑΝΤΙΣΤΟΙΧΙΣΗ!I192 | D49: ='[1]2026_60-69 ΕΞΟΔΑ+ΟΜ 2'!F9 | E49: =D51/$D$43 | F49: ='[1]2026 Φεβρουάριος'!F49+'[1]2026 Μάρτιος'!D49 | G49: =F51/$F$43 | I49: =H51/$H$43 | J49: =H51 | K49: =J51/$J$38 | L49: ='[1]2024_60-69 ΕΞΟΔΑ+ΟΜ 2'!F9 | M49: =L51/$L$43 | N49: =L51+'[1]2026 Φεβρουάριος'!N49 | O49: =N51/$N$43 | Q49: =N51/F51
A50: 53 | B50: 11 | C50: =[1]ΑΝΤΙΣΤΟΙΧΙΣΗ!I193 | D50: ='[1]2026_60-69 ΕΞΟΔΑ+ΟΜ 2'!F10 | E50: =D54/$D$43 | F50: ='[1]2026 Φεβρουάριος'!F50+'[1]2026 Μάρτιος'!D50 | G50: =F54/$F$43 | I50: =H54/$H$43 | J50: =H54 | K50: =J54/$J$38 | L50: ='[1]2024_60-69 ΕΞΟΔΑ+ΟΜ 2'!F10 | M50: =L54/$L$43 | N50: =L54+'[1]2026 Φεβρουάριος'!N50 | O50: =N54/$N$43 | Q50: =N54/F54
A51: 54 | B51: 12 | C51: =[1]ΑΝΤΙΣΤΟΙΧΙΣΗ!I194 | D51: ='[1]2026_60-69 ΕΞΟΔΑ+ΟΜ 2'!F11 | E51: =D55/$D$43 | F51: ='[1]2026 Φεβρουάριος'!F51+'[1]2026 Μάρτιος'!D51 | G51: =F55/$F$43 | I51: =H55/$H$43 | J51: =H55 | K51: =J55/$J$38 | L51: ='[1]2024_60-69 ΕΞΟΔΑ+ΟΜ 2'!F11 | M51: =L55/$L$43 | N51: =L55+'[1]2026 Φεβρουάριος'!N51 | O51: =N55/$N$43 | Q51: =N55/F55
A52: 55 | B52: 13 | C52: =[1]ΑΝΤΙΣΤΟΙΧΙΣΗ!I195 | D52: ='[1]2026_60-69 ΕΞΟΔΑ+ΟΜ 2'!F12 | E52: =D56/$D$43 | F52: ='[1]2026 Φεβρουάριος'!F52+'[1]2026 Μάρτιος'!D52 | G52: =F56/$F$43 | I52: =H56/$H$43 | J52: =H56 | K52: =J56/$J$38 | L52: ='[1]2024_60-69 ΕΞΟΔΑ+ΟΜ 2'!F12 | M52: =L56/$L$43 | N52: =L56+'[1]2026 Φεβρουάριος'!N52 | O52: =N56/$N$43 | Q52: =N56/F56
A53: 56 | B53: 14 | C53: =[1]ΑΝΤΙΣΤΟΙΧΙΣΗ!I196 | D53: ='[1]2026_60-69 ΕΞΟΔΑ+ΟΜ 2'!F13 | E53: =D57/$D$43 | F53: ='[1]2026 Φεβρουάριος'!F53+'[1]2026 Μάρτιος'!D53 | G53: =F57/$F$43 | I53: =H57/$H$43 | J53: =H57 | K53: =J57/$J$38 | L53: ='[1]2024_60-69 ΕΞΟΔΑ+ΟΜ 2'!F13 | M53: =L57/$L$43 | N53: =L57+'[1]2026 Φεβρουάριος'!N53 | O53: =N57/$N$43 | Q53: =N57/F57
A54: 57 | B54: 15 | C54: =[1]ΑΝΤΙΣΤΟΙΧΙΣΗ!I197 | D54: ='[1]2026_60-69 ΕΞΟΔΑ+ΟΜ 2'!F14 | E54: =D58/$D$43 | F54: ='[1]2026 Φεβρουάριος'!F54+'[1]2026 Μάρτιος'!D54 | G54: =F58/$F$43 | I54: =H58/$H$43 | J54: =H58 | K54: =J58/$J$38 | L54: ='[1]2024_60-69 ΕΞΟΔΑ+ΟΜ 2'!F14 | M54: =L58/$L$43 | N54: =L58+'[1]2026 Φεβρουάριος'!N54 | O54: =N58/$N$43 | Q54: =N58/F58
A55: 58 | B55: 16 | C55: =[1]ΑΝΤΙΣΤΟΙΧΙΣΗ!I198 | D55: ='[1]2026_60-69 ΕΞΟΔΑ+ΟΜ 2'!F15 | E55: =D59/$D$43 | F55: ='[1]2026 Φεβρουάριος'!F55+'[1]2026 Μάρτιος'!D55 | G55: =F59/$F$43 | I55: =H59/$H$43 | L55: ='[1]2024_60-69 ΕΞΟΔΑ+ΟΜ 2'!F15 | N55: =L59+'[1]2026 Φεβρουάριος'!N55 | O55: =N59/$N$43
A56: 59 | B56: 17 | C56: =[1]ΑΝΤΙΣΤΟΙΧΙΣΗ!I199 | D56: ='[1]2026_60-69 ΕΞΟΔΑ+ΟΜ 2'!F16 | E56: =D60/$D$43 | F56: ='[1]2026 Φεβρουάριος'!F56+'[1]2026 Μάρτιος'!D56 | G56: =F60/$F$43 | I56: =H60/$H$43 | J56: =H60 | K56: =J60/$J$38 | L56: ='[1]2024_60-69 ΕΞΟΔΑ+ΟΜ 2'!F16 | M56: =L60/$L$43 | N56: =L60+'[1]2026 Φεβρουάριος'!N56 | O56: =N60/$N$43 | Q56: =N60/F60
A57: 60 | B57: 18 | C57: =[1]ΑΝΤΙΣΤΟΙΧΙΣΗ!I200 | D57: ='[1]2026_60-69 ΕΞΟΔΑ+ΟΜ 2'!F17 | E57: =D61/$D$43 | F57: ='[1]2026 Φεβρουάριος'!F57+'[1]2026 Μάρτιος'!D57 | G57: =F61/$F$43 | I57: =H61/$H$43 | J57: =H61 | K57: =J61/$J$38 | L57: ='[1]2024_60-69 ΕΞΟΔΑ+ΟΜ 2'!F17 | M57: =L61/$L$43 | N57: =L61+'[1]2026 Φεβρουάριος'!N57 | O57: =N61/$N$43 | Q57: =N61/F61
A58: 61 | B58: 19 | C58: =[1]ΑΝΤΙΣΤΟΙΧΙΣΗ!I201 | D58: ='[1]2026_60-69 ΕΞΟΔΑ+ΟΜ 2'!F18 | E58: =D62/$D$43 | F58: ='[1]2026 Φεβρουάριος'!F58+'[1]2026 Μάρτιος'!D58 | G58: =F62/$F$43 | I58: =H62/$H$43 | J58: =H62 | K58: =J62/$J$38 | L58: ='[1]2024_60-69 ΕΞΟΔΑ+ΟΜ 2'!F18 | M58: =L62/$L$43 | N58: =L62+'[1]2026 Φεβρουάριος'!N58 | O58: =N62/$N$43 | Q58: =N62/F62
A59: 62 | B59: 20 | C59: =[1]ΑΝΤΙΣΤΟΙΧΙΣΗ!I202 | D59: ='[1]2026_60-69 ΕΞΟΔΑ+ΟΜ 2'!F19 | E59: =D63/$D$43 | F59: ='[1]2026 Φεβρουάριος'!F59+'[1]2026 Μάρτιος'!D59 | G59: =F63/$F$43 | I59: =H63/$H$43 | J59: =H63 | K59: =J63/$J$38 | L59: ='[1]2024_60-69 ΕΞΟΔΑ+ΟΜ 2'!F19 | M59: =L63/$L$43 | N59: =L63+'[1]2026 Φεβρουάριος'!N59 | O59: =N63/$N$43 | Q59: =N63/F63
A60: 63 | B60: 21 | C60: =[1]ΑΝΤΙΣΤΟΙΧΙΣΗ!I203 | D60: ='[1]2026_60-69 ΕΞΟΔΑ+ΟΜ 2'!F20 | E60: =D64/$D$43 | F60: ='[1]2026 Φεβρουάριος'!F60+'[1]2026 Μάρτιος'!D60 | G60: =F64/$F$43 | I60: =H64/$H$43 | J60: =H64 | K60: =J64/$J$38 | L60: ='[1]2024_60-69 ΕΞΟΔΑ+ΟΜ 2'!F20 | M60: =L64/$L$43 | N60: =L64+'[1]2026 Φεβρουάριος'!N60 | O60: =N64/$N$43 | Q60: =N64/F64
A61: 64 | B61: 22 | C61: =[1]ΑΝΤΙΣΤΟΙΧΙΣΗ!I204 | D61: ='[1]2026_60-69 ΕΞΟΔΑ+ΟΜ 2'!D184 | E61: =D65/$D$43 | F61: ='[1]2026 Φεβρουάριος'!F61+'[1]2026 Μάρτιος'!D61 | G61: =F65/$F$43 | I61: =H65/$H$43 | J61: =H65 | K61: =J65/$J$38 | L61: ='[1]2024_60-69 ΕΞΟΔΑ+ΟΜ 2'!F21 | M61: =L65/$L$43 | N61: =L65+'[1]2026 Φεβρουάριος'!N61 | O61: =N65/$N$43 | Q61: =N65/F65
A62: 65 | B62: 23 | C62: =[1]ΑΝΤΙΣΤΟΙΧΙΣΗ!I205 | D62: ='[1]2026_60-69 ΕΞΟΔΑ+ΟΜ 2'!F22 | E62: =D66/$D$43 | F62: ='[1]2026 Φεβρουάριος'!F62+'[1]2026 Μάρτιος'!D62 | G62: =F66/$F$43 | I62: =H66/$H$43 | J62: =H66 | K62: =J66/$J$38 | L62: ='[1]2024_60-69 ΕΞΟΔΑ+ΟΜ 2'!F22 | M62: =L66/$L$43 | N62: =L66+'[1]2026 Φεβρουάριος'!N62 | O62: =N66/$N$43 | Q62: =N66/F66
A63: 66 | B63: 24 | C63: =[1]ΑΝΤΙΣΤΟΙΧΙΣΗ!I206 | D63: ='[1]2026_60-69 ΕΞΟΔΑ+ΟΜ 2'!F23 | E63: =D67/$D$43 | F63: ='[1]2026 Φεβρουάριος'!F63+'[1]2026 Μάρτιος'!D63 | G63: =F67/$F$43 | I63: =H67/$H$43 | J63: =H67 | K63: =J67/$J$38 | L63: ='[1]2024_60-69 ΕΞΟΔΑ+ΟΜ 2'!F23 | M63: =L67/$L$43 | N63: =L67+'[1]2026 Φεβρουάριος'!N63 | O63: =N67/$N$43 | Q63: =N67/F67
A64: 67 | B64: 25 | C64: =[1]ΑΝΤΙΣΤΟΙΧΙΣΗ!I207 | D64: ='[1]2026_60-69 ΕΞΟΔΑ+ΟΜ 2'!F24 | E64: =D68/$D$43 | F64: ='[1]2026 Φεβρουάριος'!F64+'[1]2026 Μάρτιος'!D64 | G64: =F68/$F$43 | I64: =H68/$H$43 | J64: =H68 | K64: =J68/$J$38 | L64: ='[1]2024_60-69 ΕΞΟΔΑ+ΟΜ 2'!F24 | M64: =L68/$L$43 | N64: =L68+'[1]2026 Φεβρουάριος'!N64 | O64: =N68/$N$43 | Q64: =N68/F68
A65: 68 | B65: 26 | C65: =[1]ΑΝΤΙΣΤΟΙΧΙΣΗ!I208 | D65: ='[1]2026_60-69 ΕΞΟΔΑ+ΟΜ 2'!F25 | E65: =D69/$D$43 | F65: ='[1]2026 Φεβρουάριος'!F65+'[1]2026 Μάρτιος'!D65 | G65: =F69/$F$43 | I65: =H69/$H$43 | J65: =H69 | K65: =J69/$J$38 | L65: ='[1]2024_60-69 ΕΞΟΔΑ+ΟΜ 2'!F25 | M65: =L69/$L$43 | N65: =L69+'[1]2026 Φεβρουάριος'!N65 | O65: =N69/$N$43 | Q65: =N69/F69
A66: 69 | B66: 27 | C66: =[1]ΑΝΤΙΣΤΟΙΧΙΣΗ!I209 | D66: ='[1]2026_60-69 ΕΞΟΔΑ+ΟΜ 2'!F26 | E66: =D70/$D$43 | F66: ='[1]2026 Φεβρουάριος'!F66+'[1]2026 Μάρτιος'!D66 | G66: =F70/$F$43 | I66: =H70/$H$43 | J66: =H70 | K66: =J70/$J$38 | L66: ='[1]2024_60-69 ΕΞΟΔΑ+ΟΜ 2'!F26 | M66: =L70/$L$43 | N66: =L70+'[1]2026 Φεβρουάριος'!N66 | O66: =N70/$N$43 | Q66: =N70/F70
A67: 70 | B67: 28 | C67: =[1]ΑΝΤΙΣΤΟΙΧΙΣΗ!I210 | D67: ='[1]2026_60-69 ΕΞΟΔΑ+ΟΜ 2'!F27 | E67: =D71/$D$43 | F67: ='[1]2026 Φεβρουάριος'!F67+'[1]2026 Μάρτιος'!D67 | G67: =F71/$F$43 | I67: =H71/$H$43 | J67: =H71 | K67: =J71/$J$38 | L67: ='[1]2024_60-69 ΕΞΟΔΑ+ΟΜ 2'!F27 | M67: =L71/$L$43 | N67: =L71+'[1]2026 Φεβρουάριος'!N67 | O67: =N71/$N$43 | Q67: =N71/F71
A68: 71 | B68: 29 | C68: =[1]ΑΝΤΙΣΤΟΙΧΙΣΗ!I211 | D68: ='[1]2026_60-69 ΕΞΟΔΑ+ΟΜ 2'!F28 | E68: =D72/$D$43 | F68: ='[1]2026 Φεβρουάριος'!F68+'[1]2026 Μάρτιος'!D68 | G68: =F72/$F$43 | I68: =H72/$H$43 | J68: =H72 | K68: =J72/$J$38 | L68: ='[1]2024_60-69 ΕΞΟΔΑ+ΟΜ 2'!F28 | M68: =L72/$L$43 | N68: =L72+'[1]2026 Φεβρουάριος'!N68 | O68: =N72/$N$43 | Q68: =N72/F72
A69: 72 | B69: 30 | C69: =[1]ΑΝΤΙΣΤΟΙΧΙΣΗ!I212 | D69: ='[1]2026_60-69 ΕΞΟΔΑ+ΟΜ 2'!F29 | E69: =D73/$D$43 | F69: ='[1]2026 Φεβρουάριος'!F69+'[1]2026 Μάρτιος'!D69 | G69: =F73/$F$43 | I69: =H73/$H$43 | J69: =H73 | K69: =J73/$J$38 | L69: ='[1]2024_60-69 ΕΞΟΔΑ+ΟΜ 2'!F29 | M69: =L73/$L$43 | N69: =L73+'[1]2026 Φεβρουάριος'!N69 | O69: =N73/$N$43 | Q69: =N73/F73
A70: 73 | B70: 31 | C70: =[1]ΑΝΤΙΣΤΟΙΧΙΣΗ!I213 | D70: 0 | E70: =D74/$D$43 | F70: ='[1]2026 Φεβρουάριος'!F70+'[1]2026 Μάρτιος'!D70 | G70: =F74/$F$43 | I70: =H74/$H$43 | J70: =H74 | K70: =J74/$J$38 | L70: ='[1]2024_60-69 ΕΞΟΔΑ+ΟΜ 2'!F30 | M70: =L74/$L$43 | N70: =L74+'[1]2026 Φεβρουάριος'!N70 | O70: =N74/$N$43 | Q70: =N74/F74
A71: 74 | B71: 32 | C71: =[1]ΑΝΤΙΣΤΟΙΧΙΣΗ!I214 | D71: ='[1]2026_60-69 ΕΞΟΔΑ+ΟΜ 2'!F31 | E71: =D75/$D$43 | F71: ='[1]2026 Φεβρουάριος'!F71+'[1]2026 Μάρτιος'!D71 | G71: =F75/$F$43 | I71: =H75/$H$43 | J71: =H75 | K71: =J75/$J$38 | L71: ='[1]2024_60-69 ΕΞΟΔΑ+ΟΜ 2'!F31 | M71: =L75/$L$43 | N71: =L75+'[1]2026 Φεβρουάριος'!N71 | O71: =N75/$N$43 | Q71: =N75/F75
A72: 75 | B72: 33 | C72: =[1]ΑΝΤΙΣΤΟΙΧΙΣΗ!I215 | D72: ='[1]2026_60-69 ΕΞΟΔΑ+ΟΜ 2'!F32 | E72: =D76/$D$43 | F72: ='[1]2026 Φεβρουάριος'!F72+'[1]2026 Μάρτιος'!D72 | G72: =F76/$F$43 | I72: =H76/$H$43 | J72: =H76 | K72: =J76/$J$38 | L72: ='[1]2024_60-69 ΕΞΟΔΑ+ΟΜ 2'!F32 | M72: =L76/$L$43 | N72: =L76+'[1]2026 Φεβρουάριος'!N72 | O72: =N76/$N$43 | Q72: =N76/F76
A73: 76 | B73: 34 | C73: =[1]ΑΝΤΙΣΤΟΙΧΙΣΗ!I216 | D73: ='[1]2026_60-69 ΕΞΟΔΑ+ΟΜ 2'!F33 | E73: =D77/$D$43 | F73: ='[1]2026 Φεβρουάριος'!F73+'[1]2026 Μάρτιος'!D73 | G73: =F77/$F$43 | I73: =H77/$H$43 | J73: =H77 | K73: =J77/$J$38 | L73: ='[1]2024_60-69 ΕΞΟΔΑ+ΟΜ 2'!F33 | M73: =L77/$L$43 | N73: =L77+'[1]2026 Φεβρουάριος'!N73 | O73: =N77/$N$43 | Q73: =N77/F77
A74: 77 | C74: ΣΥΝΟΛΟ ΑΜΕΣΟΥ ΚΟΣΤΟΥΣ | D74: ='[1]2026_60-69 ΕΞΟΔΑ+ΟΜ 2'!F3 | F74: ='[1]2026_60-69 ΕΞΟΔΑ+ΟΜ 2'!S3 | H74: =SUM(H44:H77) | J74: =SUM(J44:J77) | L74: =SUM(L44:L77) | N74: =SUM(N44:N77) | P74: =SUM(P44:P77)
A75: 78 | C75: Ελεγχος Ορθότητας ( πρέπει να είναι 0) | D75: =D43-D78 | F75: =F43-F78 | H75: =H43-H78 | J75: =J43-J78 | L75: =L43-L78 | N75: =N43-N78 | P75: =P43-P78
A76: 79 | C76: Μεικτό περιθώριο Κέρδους | D76: =D38-D78 | F76: =F38-F78 | H76: =H38-H78 | I76: =I38-I43 | J76: =J38-J78 | L76: =L38-L78 | N76: =N38-N78 | P76: =P38-P78
A77: 80 | C77: ΑΝΑΛΥΣΗ ΕΤΟΥΣ 2026 | D77: =[1]ΑΝΤΙΣΤΟΙΧΙΣΗ!$F$32 | H77: =[1]ΑΝΤΙΣΤΟΙΧΙΣΗ!$F$35 | L77: =[1]ΑΝΤΙΣΤΟΙΧΙΣΗ!$F$68 | P77: =[1]ΑΝΤΙΣΤΟΙΧΙΣΗ!$F$100
A78: 81 | C78: ΕΙΔΟΣ ΕΣΟΔΩΝ | D78: =[1]ΑΝΤΙΣΤΟΙΧΙΣΗ!$F$108 | G78: =[1]ΑΝΤΙΣΤΟΙΧΙΣΗ!$D$34 | H78: =[1]ΑΝΤΙΣΤΟΙΧΙΣΗ!$F$108 | K78: =[1]ΑΝΤΙΣΤΟΙΧΙΣΗ!$D$34 | L78: =[1]ΑΝΤΙΣΤΟΙΧΙΣΗ!$F$122 | O78: =[1]ΑΝΤΙΣΤΟΙΧΙΣΗ!$D$33
A79: 82 | B79: Γ | C79: Κατηγορία Εξόδου | D79: Ποσά | E79: % Κατηγ.Εξ/Σύν.Κδιάθ.μηνός | F79: Προοδευτικό Σύνολο Κατηγ. Εξόδων έως Σήμερα | G79: % Προοδ. Σύν. Κατηγ. Εξ/ Προοδ. Σύνολο Εξόδων | H79: Εξοδα Μηνός | I79: % Κατηγ.Εξ/Σύν.Κδιά .μηνός | J79: Προοδευτικό Σύνολο Κατηγ. Εξόδων έως Σήμερα | K79: % Προοδ. Σύν. Κατηγ. Εξ/ Προοδ. Σύνολο Εξόδων | L79: Εξοδα Μηνός | M79: % Κατηγ.Εξ/Σύν.Κδιά .μηνός | N79: Προοδευτικό Σύνολο Κατηγ. Εξόδων έως Σήμερα | O79: % Προοδ. Σύν. Κατηγ. Εξ/ Προοδ. Σύνολο Εξόδων | P79: Προοδ. Διαφορά με Προηγ. Έτος ( Τρέχον Έτος - Προηγ. Έτος) | Q79: % Προοδ.Σύνολο Κατηγ. Εσ. Πρ. Έτους / Προοδ.Σύν.Εσ. Τρέχοντος Έτους
A80: 83 | B80: Α/Α | C80: ΚΟΣΤΟΣ Sales - Marketing | D80: =SUM(D47:D110) | F80: =SUM(F47:F110) | H80: =SUM(H47:H110) | J80: =SUM(J47:J110) | L80: =SUM(L47:L110) | N80: =SUM(N47:N110) | P80: =SUM(P47:P110)
A81: 84 | B81: 1 | C81: =[1]ΑΝΤΙΣΤΟΙΧΙΣΗ!L189 | D81: ='[1]2026_60-69 ΕΞΟΔΑ+ΟΜ 2'!F39 | L81: ='[1]2024_60-69 ΕΞΟΔΑ+ΟΜ 2'!F37
A82: 85 | B82: 2 | C82: =[1]ΑΝΤΙΣΤΟΙΧΙΣΗ!L190 | D82: ='[1]2026_60-69 ΕΞΟΔΑ+ΟΜ 2'!F40 | G82: =F86/$F$84 | K82: =J86/$J$84 | L82: ='[1]2024_60-69 ΕΞΟΔΑ+ΟΜ 2'!F38 | O82: =N86/$N$84
A83: 86 | B83: 3 | C83: =[1]ΑΝΤΙΣΤΟΙΧΙΣΗ!L193 | D83: ='[1]2026_60-69 ΕΞΟΔΑ+ΟΜ 2'!F43 | E83: =D87/$D$84 | F83: ='[1]2026 Φεβρουάριος'!F87+'[1]2026 Μάρτιος'!D87 | G83: =F87/$F$84 | I83: =H87/$H$84 | K83: =J87/$J$84 | L83: ='[1]2024_60-69 ΕΞΟΔΑ+ΟΜ 2'!F41 | M83: =L87/$L$84 | N83: =L87+'[1]2026 Φεβρουάριος'!N87 | O83: =N87/$N$84 | Q83: =SUM(D87:P87)
A84: 87 | B84: 4 | C84: =[1]ΑΝΤΙΣΤΟΙΧΙΣΗ!L194 | D84: ='[1]2026_60-69 ΕΞΟΔΑ+ΟΜ 2'!F44 | E84: =D88/$D$84 | F84: ='[1]2026 Φεβρουάριος'!F88+'[1]2026 Μάρτιος'!D88 | G84: =F88/$F$84 | I84: =H88/$H$84 | K84: =J88/$J$84 | L84: ='[1]2024_60-69 ΕΞΟΔΑ+ΟΜ 2'!F42 | M84: =L88/$L$84 | N84: =L88+'[1]2026 Φεβρουάριος'!N88 | O84: =N88/$N$84 | Q84: =SUM(D88:P88)
A85: 88 | B85: 5 | C85: =[1]ΑΝΤΙΣΤΟΙΧΙΣΗ!L195 | D85: ='[1]2026_60-69 ΕΞΟΔΑ+ΟΜ 2'!F45 | E85: =D89/$D$84 | F85: ='[1]2026 Φεβρουάριος'!F89+'[1]2026 Μάρτιος'!D89 | G85: =F89/$F$84 | I85: =H89/$H$84 | K85: =J89/$J$84 | L85: ='[1]2024_60-69 ΕΞΟΔΑ+ΟΜ 2'!F43 | M85: =L89/$L$84 | N85: =L89+'[1]2026 Φεβρουάριος'!N89 | O85: =N89/$N$84 | Q85: =SUM(D89:P89)
A86: 89 | B86: 6 | C86: =[1]ΑΝΤΙΣΤΟΙΧΙΣΗ!L196 | D86: ='[1]2026_60-69 ΕΞΟΔΑ+ΟΜ 2'!F46 | E86: =D90/$D$84 | F86: ='[1]2026 Φεβρουάριος'!F90+'[1]2026 Μάρτιος'!D90 | G86: =F90/$F$84 | I86: =H90/$H$84 | K86: =J90/$J$84 | L86: ='[1]2024_60-69 ΕΞΟΔΑ+ΟΜ 2'!F44 | M86: =L90/$L$84 | N86: =L90+'[1]2026 Φεβρουάριος'!N90 | O86: =N90/$N$84 | Q86: =SUM(D90:P90)
A87: 90 | B87: 7 | C87: =[1]ΑΝΤΙΣΤΟΙΧΙΣΗ!L197 | D87: ='[1]2026_60-69 ΕΞΟΔΑ+ΟΜ 2'!F47 | E87: =D91/$D$84 | F87: ='[1]2026 Φεβρουάριος'!F91+'[1]2026 Μάρτιος'!D91 | G87: =F91/$F$84 | I87: =H91/$H$84 | K87: =J91/$J$84 | L87: ='[1]2024_60-69 ΕΞΟΔΑ+ΟΜ 2'!F45 | M87: =L91/$L$84 | N87: =L91+'[1]2026 Φεβρουάριος'!N91 | O87: =N91/$N$84 | Q87: =SUM(D91:P91)
A88: 91 | B88: 8 | C88: =[1]ΑΝΤΙΣΤΟΙΧΙΣΗ!L198 | D88: ='[1]2026_60-69 ΕΞΟΔΑ+ΟΜ 2'!F48 | E88: =D92/$D$84 | F88: ='[1]2026 Φεβρουάριος'!F92+'[1]2026 Μάρτιος'!D92 | G88: =F92/$F$84 | I88: =H92/$H$84 | K88: =J92/$J$84 | L88: ='[1]2024_60-69 ΕΞΟΔΑ+ΟΜ 2'!F46 | M88: =L92/$L$84 | N88: =L92+'[1]2026 Φεβρουάριος'!N92 | O88: =N92/$N$84 | Q88: =SUM(D92:P92)
A89: 92 | B89: 9 | C89: =[1]ΑΝΤΙΣΤΟΙΧΙΣΗ!L199 | D89: ='[1]2026_60-69 ΕΞΟΔΑ+ΟΜ 2'!F49 | E89: =D93/$D$84 | F89: ='[1]2026 Φεβρουάριος'!F93+'[1]2026 Μάρτιος'!D93 | G89: =F93/$F$84 | I89: =H93/$H$84 | K89: =J93/$J$84 | L89: ='[1]2024_60-69 ΕΞΟΔΑ+ΟΜ 2'!F47 | M89: =L93/$L$84 | N89: =L93+'[1]2026 Φεβρουάριος'!N93 | O89: =N93/$N$84 | Q89: =SUM(D93:P93)
A90: 93 | B90: 10 | C90: =[1]ΑΝΤΙΣΤΟΙΧΙΣΗ!L200 | D90: ='[1]2026_60-69 ΕΞΟΔΑ+ΟΜ 2'!F50 | E90: =D94/$D$84 | F90: ='[1]2026 Φεβρουάριος'!F94+'[1]2026 Μάρτιος'!D94 | G90: =F94/$F$84 | I90: =H94/$H$84 | K90: =J94/$J$84 | L90: ='[1]2024_60-69 ΕΞΟΔΑ+ΟΜ 2'!F48 | M90: =L94/$L$84 | N90: =L94+'[1]2026 Φεβρουάριος'!N94 | O90: =N94/$N$84 | Q90: =SUM(D94:P94)
A91: 94 | B91: 11 | C91: =[1]ΑΝΤΙΣΤΟΙΧΙΣΗ!L201 | D91: ='[1]2026_60-69 ΕΞΟΔΑ+ΟΜ 2'!F51 | E91: =D95/$D$84 | F91: ='[1]2026 Φεβρουάριος'!F95+'[1]2026 Μάρτιος'!D95 | G91: =F95/$F$84 | I91: =H95/$H$84 | K91: =J95/$J$84 | L91: ='[1]2024_60-69 ΕΞΟΔΑ+ΟΜ 2'!F49 | M91: =L95/$L$84 | N91: =L95+'[1]2026 Φεβρουάριος'!N95 | O91: =N95/$N$84 | Q91: =SUM(D95:P95)
A92: 95 | B92: 12 | C92: =[1]ΑΝΤΙΣΤΟΙΧΙΣΗ!L202 | D92: ='[1]2026_60-69 ΕΞΟΔΑ+ΟΜ 2'!F52 | E92: =D96/$D$84 | F92: ='[1]2026 Φεβρουάριος'!F96+'[1]2026 Μάρτιος'!D96 | G92: =F96/$F$84 | I92: =H96/$H$84 | K92: =J96/$J$84 | L92: ='[1]2024_60-69 ΕΞΟΔΑ+ΟΜ 2'!F50 | M92: =L96/$L$84 | N92: =L96+'[1]2026 Φεβρουάριος'!N96 | O92: =N96/$N$84 | Q92: =SUM(D96:P96)
A93: 96 | B93: 13 | C93: =[1]ΑΝΤΙΣΤΟΙΧΙΣΗ!L203 | D93: ='[1]2026_60-69 ΕΞΟΔΑ+ΟΜ 2'!F53 | E93: =D97/$D$84 | F93: ='[1]2026 Φεβρουάριος'!F97+'[1]2026 Μάρτιος'!D97 | G93: =F97/$F$84 | I93: =H97/$H$84 | K93: =J97/$J$84 | L93: ='[1]2024_60-69 ΕΞΟΔΑ+ΟΜ 2'!F51 | M93: =L97/$L$84 | N93: =L97+'[1]2026 Φεβρουάριος'!N97 | O93: =N97/$N$84 | Q93: =SUM(D97:P97)
A94: 97 | B94: 14 | C94: =[1]ΑΝΤΙΣΤΟΙΧΙΣΗ!L204 | D94: ='[1]2026_60-69 ΕΞΟΔΑ+ΟΜ 2'!F54 | E94: =D98/$D$84 | F94: ='[1]2026 Φεβρουάριος'!F98+'[1]2026 Μάρτιος'!D98 | G94: =F98/$F$84 | I94: =H98/$H$84 | K94: =J98/$J$84 | L94: ='[1]2024_60-69 ΕΞΟΔΑ+ΟΜ 2'!F52 | M94: =L98/$L$84 | N94: =L98+'[1]2026 Φεβρουάριος'!N98 | O94: =N98/$N$84 | Q94: =SUM(D98:P98)
... A101: 104 | B101: 21 | C101: =[1]ΑΝΤΙΣΤΟΙΧΙΣΗ!L211 | D101: ='[1]2026_60-69 ΕΞΟΔΑ+ΟΜ 2'!F61 | E101: =D105/$D$84 | F101: ='[1]2026 Φεβρουάριος'!F105+'[1]2026 Μάρτιος'!D105 | G101: =F105/$F$84 | I101: =H105/$H$84 | K101: =J105/$J$84 | L101: ='[1]2024_60-69 ΕΞΟΔΑ+ΟΜ 2'!F59 | M101: =L105/$L$84 | N101: =L105+'[1]2026 Φεβρουάριος'!N105 | O101: =N105/$N$84 | Q101: =SUM(D105:P105)
A102: 105 | B102: 22 | C102: =[1]ΑΝΤΙΣΤΟΙΧΙΣΗ!L212
A103: 106 | B103: 23 | C103: =[1]ΑΝΤΙΣΤΟΙΧΙΣΗ!L213
A104: 107 | B104: 24 | C104: =[1]ΑΝΤΙΣΤΟΙΧΙΣΗ!L214
A105: 108 | B105: 25 | C105: =[1]ΑΝΤΙΣΤΟΙΧΙΣΗ!L215
A106: 109 | B106: 26 | C106: =[1]ΑΝΤΙΣΤΟΙΧΙΣΗ!L216
A107: 110 | C107: ΣΥΝΟΛΟ ΚΟΣΤΟΥΣ Sales-Marketing ΜΗΝΟΣ | D107: ='[1]2026_60-69 ΕΞΟΔΑ+ΟΜ 2'!F36 | F107: ='[1]2026_60-69 ΕΞΟΔΑ+ΟΜ 2'!S36 | H107: =SUM(H47:H110) | J107: =SUM(J47:J110) | L107: =SUM(L47:L110) | N107: =SUM(N47:N110) | P107: =SUM(P47:P110)
A108: 111 | C108: Ελεγχος Ορθότητας ( πρέπει να είναι 0) | D108: =D84-D111 | F108: =F84-F111 | H108: =H84-H111 | J108: =J84-J111 | L108: =L84-L111 | N108: =N84-N111 | P108: =P84-P111
A109: 112 | C109: ΑΝΑΛΥΣΗ ΕΤΟΥΣ 2026 | D109: =[1]ΑΝΤΙΣΤΟΙΧΙΣΗ!$F$32 | H109: =[1]ΑΝΤΙΣΤΟΙΧΙΣΗ!$F$35 | L109: =[1]ΑΝΤΙΣΤΟΙΧΙΣΗ!$F$68 | P109: =[1]ΑΝΤΙΣΤΟΙΧΙΣΗ!$F$100
...

Sheet 2026 Απρίλιος
A1: ΑΝΑΛΥΣΗ ΑΠΟΤΕΛΕΣΜΑΤΟΣ ΜΗΝΟΣ
A2: 1 | C2: ΑΝΑΛΥΣΗ ΕΤΟΥΣ 2026 | D2: =[1]ΑΝΤΙΣΤΟΙΧΙΣΗ!$F$32 | H2: =[1]ΑΝΤΙΣΤΟΙΧΙΣΗ!$F$35 | L2: =[1]ΑΝΤΙΣΤΟΙΧΙΣΗ!$F$68 | P2: =[1]ΑΝΤΙΣΤΟΙΧΙΣΗ!$F$100
A3: 2 | C3: ΕΙΔΟΣ ΕΣΟΔΩΝ | D3: =[1]ΑΝΤΙΣΤΟΙΧΙΣΗ!$F$109 | G3: =[1]ΑΝΤΙΣΤΟΙΧΙΣΗ!$D$34 | H3: =[1]ΑΝΤΙΣΤΟΙΧΙΣΗ!$F$109 | K3: =[1]ΑΝΤΙΣΤΟΙΧΙΣΗ!$D$34 | L3: =[1]ΑΝΤΙΣΤΟΙΧΙΣΗ!$F$123 | O3: =[1]ΑΝΤΙΣΤΟΙΧΙΣΗ!$D$33
A4: 3 | B4: Α | C4: Κατηγορία Εσόδου | D4: Εσοδο Μηνός | E4: % Εσοδο Γραμμής/Σύν.Εσ.Μηνός | F4: Προοδευτικό Σύνολο Εσόδων έως σήμερα | G4: % Προοδ.Σύνολο Κατηγ. Εσ. /Προοδ.Σύν.Εσ. Έως σήμερα | H4: Εσοδο Μηνός | I4: % Εσοδο Γραμμής /Σύν.Εσ.Μηνός | J4: Προοδευτικό έως σήμερα | K4: % Προοδ.Σύνολο Κατηγ. Εσ. /Προοδ.Σύν.Εσ. Έως σήμερα | L4: Εσοδο Μηνός 2024 | M4: % Εσοδο Γραμμής/Σύν.Εσ.Μηνός | N4: Προοδευτικό Σύνολο Εσόδων έως Τρέχοντα μήνα | O4: % Προοδ.Σύνολο Κατηγ. Εσ. /Προοδ.Σύν.Εσ. Έως σήμερα | P4: Προοδ. Διαφορά Συν. Πραγμ.Τρ. Έτους - Αντιστ. Προοδ. Σύν. Πραγμ. Προηγ. Έτους | Q4: % Προοδ. Διαφορά Κατηγ. Εσ. / Προοδ.Σύν.Προυπ. Εσ. Τρέχοντος Έτους
A5: 4 | C5: Λογιστικό Αποτέλεσμα μηνός | D5: =D7-D6 | F5: =F7-F6 | H5: =H159-H6 | J5: =J159-J6 | L5: =L7-L6 | N5: =N7-N6 | P5: =P159-P6
A6: 5 | C6: Σύνολο Εξόδων Μηνός | D6: =D43+D84+D116 | F6: =F78+F111+F157 | H6: =H38-H43-H84 | J6: =J38-J43-J84 | L6: =L43+L84+L116 | N6: =N78+N111+N157 | P6: =P38-P43-P84
A7: 6 | B7: Α/Α | C7: Σύνολο Εσόδων Μηνός | D7: =SUM(D8:D37) | F7: =SUM(F8:F37) | H7: =SUM(H8:H31) | J7: =SUM(J8:J31) | L7: =SUM(L8:L31) | N7: =L7+'[1]2026 Μάρτιος'!N7 | P7: =SUM(P8:P31)
A8: 7 | B8: 1 | C8: =[1]ΑΝΤΙΣΤΟΙΧΙΣΗ!F187 | D8: ='[1]2026_ΕΣΟΔΑ'!F2 | E8: =D8/$D$7 | F8: =D8+'[1]2026 Μάρτιος'!F8 | G8: =F8/$F$7 | I8: =H8/$H$7 | J8: =H8+'[1]2026 Μάρτιος'!J8 | K8: =J8/$J$7 | L8: ='[1]2024_60-69 ΕΞΟΔΑ+ΟΜ 2'!F114 | M8: =L8/$L$7 | N8: =L8+'[1]2026 Μάρτιος'!N8 | O8: =N8/$N$7 | P8: =F8-N8 | Q8: =N8/F8
A9: 8 | B9: 2 | C9: =[1]ΑΝΤΙΣΤΟΙΧΙΣΗ!F188 | D9: ='[1]2026_ΕΣΟΔΑ'!F3 | E9: =D9/$D$7 | F9: =D9+'[1]2026 Μάρτιος'!F9 | G9: =F9/$F$7 | I9: =H9/$H$7 | J9: =H9+'[1]2026 Μάρτιος'!J9 | K9: =J9/$J$7 | L9: ='[1]2024_60-69 ΕΞΟΔΑ+ΟΜ 2'!F115 | M9: =L9/$L$7 | N9: =L9+'[1]2026 Μάρτιος'!N9 | O9: =N9/$N$7 | P9: =F9-N9 | Q9: =N9/F9
A10: 9 | B10: 3 | C10: =[1]ΑΝΤΙΣΤΟΙΧΙΣΗ!F189 | D10: ='[1]2026_ΕΣΟΔΑ'!F4 | E10: =D10/$D$7 | F10: =D10+'[1]2026 Μάρτιος'!F10 | G10: =F10/$F$7 | I10: =H10/$H$7 | J10: =H10+'[1]2026 Μάρτιος'!J10 | K10: =J10/$J$7 | L10: ='[1]2024_60-69 ΕΞΟΔΑ+ΟΜ 2'!F116 | M10: =L10/$L$7 | N10: =L10+'[1]2026 Μάρτιος'!N10 | O10: =N10/$N$7 | P10: =F10-N10 | Q10: =N10/F10
A11: 10 | B11: 4 | C11: =[1]ΑΝΤΙΣΤΟΙΧΙΣΗ!F190 | D11: ='[1]2026_ΕΣΟΔΑ'!F5 | E11: =D11/$D$7 | F11: =D11+'[1]2026 Μάρτιος'!F11 | G11: =F11/$F$7 | I11: =H11/$H$7 | J11: =H11+'[1]2026 Μάρτιος'!J11 | K11: =J11/$J$7 | L11: ='[1]2024_60-69 ΕΞΟΔΑ+ΟΜ 2'!F117 | M11: =L11/$L$7 | N11: =L11+'[1]2026 Μάρτιος'!N11 | O11: =N11/$N$7 | P11: =F11-N11 | Q11: =N11/F11
A12: 11 | B12: 5 | C12: =[1]ΑΝΤΙΣΤΟΙΧΙΣΗ!F191 | D12: ='[1]2026_ΕΣΟΔΑ'!F6 | E12: =D12/$D$7 | F12: =D12+'[1]2026 Μάρτιος'!F12 | G12: =F12/$F$7 | I12: =H12/$H$7 | J12: =H12+'[1]2026 Μάρτιος'!J12 | K12: =J12/$J$7 | L12: ='[1]2024_60-69 ΕΞΟΔΑ+ΟΜ 2'!F118 | M12: =L12/$L$7 | N12: =L12+'[1]2026 Μάρτιος'!N12 | O12: =N12/$N$7 | P12: =F12-N12 | Q12: =N12/F12
A13: 12 | B13: 6 | C13: =[1]ΑΝΤΙΣΤΟΙΧΙΣΗ!F192 | D13: ='[1]2026_ΕΣΟΔΑ'!F7 | E13: =D13/$D$7 | F13: =D13+'[1]2026 Μάρτιος'!F13 | G13: =F13/$F$7 | I13: =H13/$H$7 | J13: =H13+'[1]2026 Μάρτιος'!J13 | K13: =J13/$J$7 | L13: ='[1]2024_60-69 ΕΞΟΔΑ+ΟΜ 2'!F119 | M13: =L13/$L$7 | N13: =L13+'[1]2026 Μάρτιος'!N13 | O13: =N13/$N$7 | P13: =F13-N13 | Q13: =N13/F13
A14: 13 | B14: 7 | C14: =[1]ΑΝΤΙΣΤΟΙΧΙΣΗ!F193 | D14: ='[1]2026_ΕΣΟΔΑ'!F8 | E14: =D14/$D$7 | F14: =D14+'[1]2026 Μάρτιος'!F14 | G14: =F14/$F$7 | I14: =H14/$H$7 | J14: =H14+'[1]2026 Μάρτιος'!J14 | K14: =J14/$J$7 | L14: ='[1]2024_60-69 ΕΞΟΔΑ+ΟΜ 2'!F120 | M14: =L14/$L$7 | N14: =L14+'[1]2026 Μάρτιος'!N14 | O14: =N14/$N$7 | P14: =F14-N14 | Q14: =N14/F14
A15: 14 | B15: 8 | C15: =[1]ΑΝΤΙΣΤΟΙΧΙΣΗ!F194 | D15: ='[1]2026_ΕΣΟΔΑ'!F9 | E15: =D15/$D$7 | F15: =D15+'[1]2026 Μάρτιος'!F15 | G15: =F15/$F$7 | I15: =H15/$H$7 | J15: =H15+'[1]2026 Μάρτιος'!J15 | K15: =J15/$J$7 | L15: ='[1]2024_60-69 ΕΞΟΔΑ+ΟΜ 2'!F121 | M15: =L15/$L$7 | N15: =L15+'[1]2026 Μάρτιος'!N15 | O15: =N15/$N$7 | P15: =F15-N15 | Q15: =N15/F15
A16: 15 | B16: 9 | C16: =[1]ΑΝΤΙΣΤΟΙΧΙΣΗ!F195 | D16: ='[1]2026_ΕΣΟΔΑ'!F10 | E16: =D16/$D$7 | F16: =D16+'[1]2026 Μάρτιος'!F16 | G16: =F16/$F$7 | I16: =H16/$H$7 | J16: =H16+'[1]2026 Μάρτιος'!J16 | K16: =J16/$J$7 | L16: ='[1]2024_60-69 ΕΞΟΔΑ+ΟΜ 2'!F122 | M16: =L16/$L$7 | N16: =L16+'[1]2026 Μάρτιος'!N16 | O16: =N16/$N$7 | P16: =F16-N16 | Q16: =N16/F16
A17: 16 | B17: 10 | C17: =[1]ΑΝΤΙΣΤΟΙΧΙΣΗ!F196 | D17: ='[1]2026_ΕΣΟΔΑ'!F11 | E17: =D17/$D$7 | F17: =D17+'[1]2026 Μάρτιος'!F17 | G17: =F17/$F$7 | I17: =H17/$H$7 | J17: =H17+'[1]2026 Μάρτιος'!J17 | K17: =J17/$J$7 | L17: ='[1]2024_60-69 ΕΞΟΔΑ+ΟΜ 2'!F123 | M17: =L17/$L$7 | N17: =L17+'[1]2026 Μάρτιος'!N17 | O17: =N17/$N$7 | P17: =F17-N17 | Q17: =N17/F17
A18: 17 | B18: 11 | C18: =[1]ΑΝΤΙΣΤΟΙΧΙΣΗ!F197 | D18: ='[1]2026_ΕΣΟΔΑ'!F12 | E18: =D18/$D$7 | F18: =D18+'[1]2026 Μάρτιος'!F18 | G18: =F18/$F$7 | I18: =H18/$H$7 | J18: =H18+'[1]2026 Μάρτιος'!J18 | K18: =J18/$J$7 | L18: ='[1]2024_60-69 ΕΞΟΔΑ+ΟΜ 2'!F124 | M18: =L18/$L$7 | N18: =L18+'[1]2026 Μάρτιος'!N18 | O18: =N18/$N$7 | P18: =F18-N18 | Q18: =N18/F18
A19: 18 | B19: 12 | C19: =[1]ΑΝΤΙΣΤΟΙΧΙΣΗ!F198 | D19: ='[1]2026_ΕΣΟΔΑ'!F13 | E19: =D19/$D$7 | F19: =D19+'[1]2026 Μάρτιος'!F19 | G19: =F19/$F$7 | I19: =H19/$H$7 | J19: =H19+'[1]2026 Μάρτιος'!J19 | K19: =J19/$J$7 | L19: ='[1]2024_60-69 ΕΞΟΔΑ+ΟΜ 2'!F125 | M19: =L19/$L$7 | N19: =L19+'[1]2026 Μάρτιος'!N19 | O19: =N19/$N$7 | P19: =F19-N19 | Q19: =N19/F19
... A23: 22 | B23: 16 | C23: =[1]ΑΝΤΙΣΤΟΙΧΙΣΗ!F202 | D23: ='[1]2026_ΕΣΟΔΑ'!F17 | E23: =D23/$D$7 | F23: =D23+'[1]2026 Μάρτιος'!F23 | G23: =F23/$F$7 | I23: =H23/$H$7 | J23: =H23+'[1]2026 Μάρτιος'!J23 | K23: =J23/$J$7 | L23: ='[1]2024_60-69 ΕΞΟΔΑ+ΟΜ 2'!F129 | M23: =L23/$L$7 | N23: =L23+'[1]2026 Μάρτιος'!N23 | O23: =N23/$N$7 | P23: =F23-N23 | Q23: =N23/F23
A24: 23 | B24: 17 | C24: =[1]ΑΝΤΙΣΤΟΙΧΙΣΗ!F203 | D24: ='[1]2026_ΕΣΟΔΑ'!F18 | E24: =D24/$D$7 | F24: =D24+'[1]2026 Μάρτιος'!F24 | G24: =F24/$F$7 | H24: =[1]ΠΡΟΥΠΟΛΟΓΙΣΜΟΣ_ΕΣΟΔΑ!E225 | I24: =H24/$H$7 | J24: =H24+'[1]2026 Μάρτιος'!J24 | K24: =J24/$J$7 | L24: ='[1]2024_60-69 ΕΞΟΔΑ+ΟΜ 2'!F130 | M24: =L24/$L$7 | N24: =L24+'[1]2026 Μάρτιος'!N24 | O24: =N24/$N$7 | P24: =F24-N24 | Q24: =N24/F24
A25: 24 | B25: 18 | C25: =[1]ΑΝΤΙΣΤΟΙΧΙΣΗ!F204 | D25: ='[1]2026_ΕΣΟΔΑ'!F19 | E25: =D25/$D$7 | F25: =D25+'[1]2026 Μάρτιος'!F25 | G25: =F25/$F$7 | I25: =H25/$H$7 | J25: =H25+'[1]2026 Μάρτιος'!J25 | K25: =J25/$J$7 | L25: ='[1]2024_60-69 ΕΞΟΔΑ+ΟΜ 2'!F131 | M25: =L25/$L$7 | N25: =L25+'[1]2026 Μάρτιος'!N25 | O25: =N25/$N$7 | P25: =F25-N25 | Q25: =N25/F25
A26: 25 | B26: 19 | C26: =[1]ΑΝΤΙΣΤΟΙΧΙΣΗ!F205 | D26: ='[1]2026_ΕΣΟΔΑ'!F20 | E26: =D26/$D$7 | F26: =D26+'[1]2026 Μάρτιος'!F26 | G26: =F26/$F$7 | I26: =H26/$H$7 | J26: =H26+'[1]2026 Μάρτιος'!J26 | K26: =J26/$J$7 | L26: ='[1]2024_60-69 ΕΞΟΔΑ+ΟΜ 2'!F132 | M26: =L26/$L$7 | N26: =L26+'[1]2026 Μάρτιος'!N26 | O26: =N26/$N$7 | P26: =F26-N26 | Q26: =N26/F26
A27: 26 | B27: 20 | C27: =[1]ΑΝΤΙΣΤΟΙΧΙΣΗ!F206 | D27: ='[1]2026_ΕΣΟΔΑ'!F21 | E27: =D27/$D$7 | F27: =D27+'[1]2026 Μάρτιος'!F27 | G27: =F27/$F$7 | I27: =H27/$H$7 | J27: =H27+'[1]2026 Μάρτιος'!J27 | K27: =J27/$J$7 | L27: ='[1]2024_60-69 ΕΞΟΔΑ+ΟΜ 2'!F133 | M27: =L27/$L$7 | N27: =L27+'[1]2026 Μάρτιος'!N27 | O27: =N27/$N$7 | P27: =F27-N27 | Q27: =N27/F27
A28: 27 | B28: 21 | C28: =[1]ΑΝΤΙΣΤΟΙΧΙΣΗ!F207 | D28: ='[1]2026_ΕΣΟΔΑ'!F22 | E28: =D28/$D$7 | F28: =D28+'[1]2026 Μάρτιος'!F28 | G28: =F28/$F$7 | I28: =H28/$H$7 | J28: =H28+'[1]2026 Μάρτιος'!J28 | K28: =J28/$J$7 | L28: ='[1]2024_60-69 ΕΞΟΔΑ+ΟΜ 2'!F134 | M28: =L28/$L$7 | N28: =L28+'[1]2026 Μάρτιος'!N28 | O28: =N28/$N$7 | P28: =F28-N28 | Q28: =N28/F28
A29: 28 | B29: 22 | C29: =[1]ΑΝΤΙΣΤΟΙΧΙΣΗ!F208 | D29: ='[1]2026_ΕΣΟΔΑ'!F23 | E29: =D29/$D$7 | F29: =D29+'[1]2026 Μάρτιος'!F29 | G29: =F29/$F$7 | I29: =H29/$H$7 | J29: =H29+'[1]2026 Μάρτιος'!J29 | K29: =J29/$J$7 | L29: ='[1]2024_60-69 ΕΞΟΔΑ+ΟΜ 2'!F135 | M29: =L29/$L$7 | N29: =L29+'[1]2026 Μάρτιος'!N29 | O29: =N29/$N$7 | P29: =F29-N29 | Q29: =N29/F29
A30: 29 | B30: 23 | C30: =[1]ΑΝΤΙΣΤΟΙΧΙΣΗ!F209 | D30: ='[1]2026_ΕΣΟΔΑ'!F24 | E30: =D30/$D$7 | F30: =D30+'[1]2026 Μάρτιος'!F30 | G30: =F30/$F$7 | I30: =H30/$H$7 | J30: =H30+'[1]2026 Μάρτιος'!J30 | K30: =J30/$J$7 | L30: ='[1]2024_60-69 ΕΞΟΔΑ+ΟΜ 2'!F136 | M30: =L30/$L$7 | N30: =L30+'[1]2026 Μάρτιος'!N30 | O30: =N30/$N$7 | P30: =F30-N30 | Q30: =N30/F30
A31: 30 | B31: 24 | C31: =[1]ΑΝΤΙΣΤΟΙΧΙΣΗ!F210 | D31: ='[1]2026_ΕΣΟΔΑ'!F25 | E31: =D31/$D$7 | F31: =D31+'[1]2026 Μάρτιος'!F31 | G31: =F31/$F$7 | I31: =H31/$H$7 | J31: =H31+'[1]2026 Μάρτιος'!J31 | K31: =J31/$J$7 | L31: ='[1]2024_60-69 ΕΞΟΔΑ+ΟΜ 2'!F137 | M31: =L31/$L$7 | N31: =L31+'[1]2026 Μάρτιος'!N31 | O31: =N31/$N$7 | P31: =F31-N31 | Q31: =N31/F31
A32: 31 | B32: 25 | C32: =[1]ΑΝΤΙΣΤΟΙΧΙΣΗ!F211 | D32: ='[1]2026_ΕΣΟΔΑ'!F26 | E32: =D32/$D$7 | F32: =D32+'[1]2026 Μάρτιος'!F32 | G32: =F32/$F$7 | I32: =H32/$H$7 | J32: =H32+'[1]2026 Μάρτιος'!J32 | K32: =J32/$J$7 | L32: ='[1]2024_60-69 ΕΞΟΔΑ+ΟΜ 2'!F138 | M32: =L32/$L$7 | N32: =L32+'[1]2026 Μάρτιος'!N32 | O32: =N32/$N$7 | P32: =F32-N32 | Q32: =N32/F32
A33: 32 | B33: 26 | C33: =[1]ΑΝΤΙΣΤΟΙΧΙΣΗ!F212 | D33: ='[1]2026_ΕΣΟΔΑ'!F27 | E33: =D33/$D$7 | F33: =D33+'[1]2026 Μάρτιος'!F33 | G33: =F33/$F$7 | I33: =H33/$H$7 | J33: =H33+'[1]2026 Μάρτιος'!J33 | K33: =J33/$J$7 | L33: ='[1]2024_60-69 ΕΞΟΔΑ+ΟΜ 2'!F139 | M33: =L33/$L$7 | N33: =L33+'[1]2026 Μάρτιος'!N33 | O33: =N33/$N$7 | P33: =F33-N33 | Q33: =N33/F33
A34: 33 | B34: 27 | C34: =[1]ΑΝΤΙΣΤΟΙΧΙΣΗ!F213 | D34: ='[1]2026_ΕΣΟΔΑ'!F28 | E34: =D34/$D$7 | F34: =D34+'[1]2026 Μάρτιος'!F34 | G34: =F34/$F$7 | I34: =H34/$H$7 | J34: =H34+'[1]2026 Μάρτιος'!J34 | K34: =J34/$J$7 | L34: ='[1]2024_60-69 ΕΞΟΔΑ+ΟΜ 2'!F140 | M34: =L34/$L$7 | N34: =L34+'[1]2026 Μάρτιος'!N34 | O34: =N34/$N$7 | P34: =F34-N34 | Q34: =N34/F34
A35: 34 | B35: 28 | C35: =[1]ΑΝΤΙΣΤΟΙΧΙΣΗ!F214 | D35: ='[1]2026_ΕΣΟΔΑ'!F29 | E35: =D35/$D$7 | F35: =D35+'[1]2026 Μάρτιος'!F35 | G35: =F35/$F$7 | I35: =H35/$H$7 | J35: =H35+'[1]2026 Μάρτιος'!J35 | K35: =J35/$J$7 | L35: ='[1]2024_60-69 ΕΞΟΔΑ+ΟΜ 2'!F141 | M35: =L35/$L$7 | N35: =L35+'[1]2026 Μάρτιος'!N35 | O35: =N35/$N$7 | P35: =F35-N35 | Q35: =N35/F35
A36: 35 | B36: 29 | C36: =[1]ΑΝΤΙΣΤΟΙΧΙΣΗ!F215 | D36: ='[1]2026_ΕΣΟΔΑ'!F30 | E36: =D36/$D$7 | F36: =D36+'[1]2026 Μάρτιος'!F36 | G36: =F36/$F$7 | I36: =H36/$H$7 | J36: =H36+'[1]2026 Μάρτιος'!J36 | K36: =J36/$J$7 | L36: ='[1]2024_60-69 ΕΞΟΔΑ+ΟΜ 2'!F142 | M36: =L36/$L$7 | N36: =L36+'[1]2026 Μάρτιος'!N36 | O36: =N36/$N$7 | P36: =F36-N36 | Q36: =N36/F36
A37: 36 | B37: 30 | C37: =[1]ΑΝΤΙΣΤΟΙΧΙΣΗ!F216 | D37: ='[1]2026_ΕΣΟΔΑ'!F31 | E37: =D37/$D$7 | F37: =D37+'[1]2026 Μάρτιος'!F37 | G37: =F37/$F$7 | I37: =H37/$H$7 | J37: =H37+'[1]2026 Μάρτιος'!J37 | K37: =J37/$J$7 | L37: ='[1]2024_60-69 ΕΞΟΔΑ+ΟΜ 2'!F143 | M37: =L37/$L$7 | N37: =L37+'[1]2026 Μάρτιος'!N37 | O37: =N37/$N$7 | P37: =F37-N37 | Q37: =N37/F37
A38: 37 | C38: ΣΥΝΟΛΟ ΕΣΟΔΩΝ ΜΗΝΟΣ | D38: ='[1]2026_ΕΣΟΔΑ'!F32 | F38: ='[1]2026_ΕΣΟΔΑ'!F34 | H38: =SUM(H8:H31) | J38: =SUM(J8:J31) | L38: =SUM(L8:L31) | N38: =SUM(N8:N31) | P38: =SUM(P8:P31)
A39: 38 | C39: Ελεγχος Ορθότητας ( πρέπει να είναι 0) | D39: =D7-D38 | F39: =F7-F38 | H39: =H7-H38 | J39: =J7-J38 | L39: =L7-L38 | N39: =N7-N38 | P39: =P7-P38
A40: 39 | C40: ΑΝΑΛΥΣΗ ΕΤΟΥΣ 2026 | D40: =[1]ΑΝΤΙΣΤΟΙΧΙΣΗ!$F$32 | H40: =[1]ΑΝΤΙΣΤΟΙΧΙΣΗ!$F$35 | L40: =[1]ΑΝΤΙΣΤΟΙΧΙΣΗ!$F$68 | P40: =[1]ΑΝΤΙΣΤΟΙΧΙΣΗ!$F$100
A41: 40 | C41: ΠΕΡΙΟΔΟΣ | D41: =[1]ΑΝΤΙΣΤΟΙΧΙΣΗ!$F$109 | G41: =[1]ΑΝΤΙΣΤΟΙΧΙΣΗ!$D$34 | H41: =[1]ΑΝΤΙΣΤΟΙΧΙΣΗ!$F$109 | K41: =[1]ΑΝΤΙΣΤΟΙΧΙΣΗ!$D$34 | L41: =[1]ΑΝΤΙΣΤΟΙΧΙΣΗ!$F$123 | O41: =[1]ΑΝΤΙΣΤΟΙΧΙΣΗ!$D$33
A42: 41 | B42: Β | C42: ΚΑΤΗΓΟΡΙΑ ΕΞΟΔΟΥ | E42: % Εξοδο Γραμμής /Σύν.Εξόδων μηνός | F42: Προοδ Σύν. Κατηγ. Εξόδων έως Σήμερα | G42: % Προοδ. Σύνολο Κατηγ. Εξ./ Προοδ. Σύνολο Εξόδων Έως σήμερα | H42: Αμ. Κόστ. Υπηρ. Μηνός | I42: % Εξοδο Γραμμής /Σύν.Εξόδων μηνός | J42: Προοδ Σύν. Κατηγ. Εξόδων έως Σήμερα | K42: % Προοδ. Σύνολο Κατηγ. Εξ./ Προοδ. Σύνολο Εξόδων Έως σήμερα | L42: Αμ. Κόστ. Υπηρ. Μηνός | M42: % Κατηγ.Εξ/Σύν.Αμ.Κο.Υπ.μηνός | N42: Προοδ Σύν. Κατηγ. Εξ έως Σήμερα | O42: % Προοδ. Σύν. Κατηγ. Εξ/ Προοδ. Σύνολο ΕΞόδων | P42: Προοδ. Διαφορά με Προηγ. Έτος ( Τρέχον Έτος - Προηγ. Έτος) | Q42: % Προοδ.Σύν Κατηγ. Εξ. Πρ. Έτους / Προοδ.Σύν.Εξ. Τρέχοντος Έτους
A43: 42 | B43: Α/Α | C43: Αμεσο Κόστος Υπηρεσιών | D43: =SUM(D44:D77) | F43: =SUM(F44:F77) | H43: =SUM(H44:H77) | J43: =SUM(J44:J77) | L43: =SUM(L44:L77) | N43: =SUM(N44:N77) | P43: =SUM(P44:P77)
A44: 43 | B44: 1 | C44: =[1]ΑΝΤΙΣΤΟΙΧΙΣΗ!I187 | D44: ='[1]2026_60-69 ΕΞΟΔΑ+ΟΜ 2'!G4 | E44: =D44/$D$43 | F44: =D44+'[1]2026 Μάρτιος'!F44 | G44: =F44/$F$43 | I44: =H44/$H$43 | J44: =H44 | K44: =J44/$J$43 | L44: ='[1]2024_60-69 ΕΞΟΔΑ+ΟΜ 2'!G4 | M44: =L44/$L$43 | N44: =L44+'[1]2026 Μάρτιος'!N44 | O44: =N44/$N$43
A45: 44 | B45: 2 | C45: =[1]ΑΝΤΙΣΤΟΙΧΙΣΗ!I188 | D45: ='[1]2026_60-69 ΕΞΟΔΑ+ΟΜ 2'!G5 | E45: =D45/$D$43 | F45: =D45+'[1]2026 Μάρτιος'!F45 | G45: =F45/$F$43 | I45: =H45/$H$43 | J45: =H45 | K45: =J45/$J$43 | L45: ='[1]2024_60-69 ΕΞΟΔΑ+ΟΜ 2'!G5 | M45: =L45/$L$43 | N45: =L45+'[1]2026 Μάρτιος'!N45 | O45: =N45/$N$43 | Q45: =N45/F45
A46: 45 | B46: 3 | C46: =[1]ΑΝΤΙΣΤΟΙΧΙΣΗ!I189 | D46: ='[1]2026_60-69 ΕΞΟΔΑ+ΟΜ 2'!G6 | E46: =D46/$D$43 | F46: =D46+'[1]2026 Μάρτιος'!F46 | G46: =F46/$F$43 | I46: =H46/$H$43 | J46: =H46 | K46: =J46/$J$43 | L46: ='[1]2024_60-69 ΕΞΟΔΑ+ΟΜ 2'!G6 | M46: =L46/$L$43 | N46: =L46+'[1]2026 Μάρτιος'!N46 | O46: =N46/$N$43 | Q46: =N46/F46
A47: 48 | B47: 6 | C47: =[1]ΑΝΤΙΣΤΟΙΧΙΣΗ!I190 | D47: ='[1]2026_60-69 ΕΞΟΔΑ+ΟΜ 2'!G7 | E47: =D49/$D$43 | F47: =D49+'[1]2026 Μάρτιος'!F47 | G47: =F49/$F$43 | I47: =H49/$H$43 | J47: =H49 | K47: =J49/$J$43 | L47: ='[1]2024_60-69 ΕΞΟΔΑ+ΟΜ 2'!G7 | M47: =L49/$L$43 | N47: =L49+'[1]2026 Μάρτιος'!N47 | O47: =N49/$N$43 | Q47: =N49/F49
A48: 49 | B48: 7 | C48: =[1]ΑΝΤΙΣΤΟΙΧΙΣΗ!I191 | D48: ='[1]2026_60-69 ΕΞΟΔΑ+ΟΜ 2'!G8 | E48: =D50/$D$43 | F48: =D50+'[1]2026 Μάρτιος'!F48 | G48: =F50/$F$43 | I48: =H50/$H$43 | J48: =H50 | K48: =J50/$J$43 | L48: ='[1]2024_60-69 ΕΞΟΔΑ+ΟΜ 2'!G8 | M48: =L50/$L$43 | N48: =L50+'[1]2026 Μάρτιος'!N48 | O48: =N50/$N$43 | Q48: =N50/F50
A49: 50 | B49: 8 | C49: =[1]ΑΝΤΙΣΤΟΙΧΙΣΗ!I192 | D49: ='[1]2026_60-69 ΕΞΟΔΑ+ΟΜ 2'!G9 | E49: =D51/$D$43 | F49: =D51+'[1]2026 Μάρτιος'!F49 | G49: =F51/$F$43 | I49: =H51/$H$43 | J49: =H51 | K49: =J51/$J$43 | L49: ='[1]2024_60-69 ΕΞΟΔΑ+ΟΜ 2'!G9 | M49: =L51/$L$43 | N49: =L51+'[1]2026 Μάρτιος'!N49 | O49: =N51/$N$43 | Q49: =N51/F51
A50: 53 | B50: 11 | C50: =[1]ΑΝΤΙΣΤΟΙΧΙΣΗ!I193 | D50: ='[1]2026_60-69 ΕΞΟΔΑ+ΟΜ 2'!G10 | E50: =D54/$D$43 | F50: =D54+'[1]2026 Μάρτιος'!F50 | G50: =F54/$F$43 | I50: =H54/$H$43 | J50: =H54 | K50: =J54/$J$43 | L50: ='[1]2024_60-69 ΕΞΟΔΑ+ΟΜ 2'!G10 | M50: =L54/$L$43 | N50: =L54+'[1]2026 Μάρτιος'!N50 | O50: =N54/$N$43 | Q50: =N54/F54
A51: 54 | B51: 12 | C51: =[1]ΑΝΤΙΣΤΟΙΧΙΣΗ!I194 | D51: ='[1]2026_60-69 ΕΞΟΔΑ+ΟΜ 2'!G11 | E51: =D55/$D$43 | F51: =D55+'[1]2026 Μάρτιος'!F51 | G51: =F55/$F$43 | I51: =H55/$H$43 | J51: =H55 | K51: =J55/$J$43 | L51: ='[1]2024_60-69 ΕΞΟΔΑ+ΟΜ 2'!G11 | M51: =L55/$L$43 | N51: =L55+'[1]2026 Μάρτιος'!N51 | O51: =N55/$N$43 | Q51: =N55/F55
A52: 55 | B52: 13 | C52: =[1]ΑΝΤΙΣΤΟΙΧΙΣΗ!I195 | D52: ='[1]2026_60-69 ΕΞΟΔΑ+ΟΜ 2'!G12 | E52: =D56/$D$43 | F52: =D56+'[1]2026 Μάρτιος'!F52 | G52: =F56/$F$43 | I52: =H56/$H$43 | J52: =H56 | K52: =J56/$J$43 | L52: ='[1]2024_60-69 ΕΞΟΔΑ+ΟΜ 2'!G12 | M52: =L56/$L$43 | N52: =L56+'[1]2026 Μάρτιος'!N52 | O52: =N56/$N$43 | Q52: =N56/F56
A53: 56 | B53: 14 | C53: =[1]ΑΝΤΙΣΤΟΙΧΙΣΗ!I196 | D53: ='[1]2026_60-69 ΕΞΟΔΑ+ΟΜ 2'!G13 | E53: =D57/$D$43 | F53: =D57+'[1]2026 Μάρτιος'!F53 | G53: =F57/$F$43 | I53: =H57/$H$43 | J53: =H57 | K53: =J57/$J$43 | L53: ='[1]2024_60-69 ΕΞΟΔΑ+ΟΜ 2'!G13 | M53: =L57/$L$43 | N53: =L57+'[1]2026 Μάρτιος'!N53 | O53: =N57/$N$43 | Q53: =N57/F57
A54: 57 | B54: 15 | C54: =[1]ΑΝΤΙΣΤΟΙΧΙΣΗ!I197 | D54: ='[1]2026_60-69 ΕΞΟΔΑ+ΟΜ 2'!G14 | E54: =D58/$D$43 | F54: =D58+'[1]2026 Μάρτιος'!F54 | G54: =F58/$F$43 | I54: =H58/$H$43 | J54: =H58 | K54: =J58/$J$43 | L54: ='[1]2024_60-69 ΕΞΟΔΑ+ΟΜ 2'!G14 | M54: =L58/$L$43 | N54: =L58+'[1]2026 Μάρτιος'!N54 | O54: =N58/$N$43 | Q54: =N58/F58
A55: 58 | B55: 16 | C55: =[1]ΑΝΤΙΣΤΟΙΧΙΣΗ!I198 | D55: ='[1]2026_60-69 ΕΞΟΔΑ+ΟΜ 2'!G15 | E55: =D59/$D$43 | F55: =D59+'[1]2026 Μάρτιος'!F55 | G55: =F59/$F$43 | I55: =H59/$H$43 | J55: =H59 | K55: =J59/$J$43 | L55: ='[1]2024_60-69 ΕΞΟΔΑ+ΟΜ 2'!G15 | M55: =L59/$L$43 | N55: =L59+'[1]2026 Μάρτιος'!N55 | O55: =N59/$N$43 | Q55: =N59/F59
A56: 59 | B56: 17 | C56: =[1]ΑΝΤΙΣΤΟΙΧΙΣΗ!I199 | D56: ='[1]2026_60-69 ΕΞΟΔΑ+ΟΜ 2'!G16 | E56: =D60/$D$43 | F56: =D60+'[1]2026 Μάρτιος'!F56 | G56: =F60/$F$43 | I56: =H60/$H$43 | K56: =J60/$J$43 | L56: ='[1]2024_60-69 ΕΞΟΔΑ+ΟΜ 2'!G16 | M56: =L60/$L$43 | N56: =L60+'[1]2026 Μάρτιος'!N56 | O56: =N60/$N$43
A57: 60 | B57: 18 | C57: =[1]ΑΝΤΙΣΤΟΙΧΙΣΗ!I200 | D57: ='[1]2026_60-69 ΕΞΟΔΑ+ΟΜ 2'!G17 | E57: =D61/$D$43 | F57: =D61+'[1]2026 Μάρτιος'!F57 | G57: =F61/$F$43 | I57: =H61/$H$43 | J57: =H61 | K57: =J61/$J$43 | L57: ='[1]2024_60-69 ΕΞΟΔΑ+ΟΜ 2'!G17 | M57: =L61/$L$43 | N57: =L61+'[1]2026 Μάρτιος'!N57 | O57: =N61/$N$43 | Q57: =N61/F61
A58: 61 | B58: 19 | C58: =[1]ΑΝΤΙΣΤΟΙΧΙΣΗ!I201 | D58: ='[1]2026_60-69 ΕΞΟΔΑ+ΟΜ 2'!G18 | E58: =D62/$D$43 | F58: =D62+'[1]2026 Μάρτιος'!F58 | G58: =F62/$F$43 | I58: =H62/$H$43 | J58: =H62 | K58: =J62/$J$43 | L58: ='[1]2024_60-69 ΕΞΟΔΑ+ΟΜ 2'!G18 | M58: =L62/$L$43 | N58: =L62+'[1]2026 Μάρτιος'!N58 | O58: =N62/$N$43 | Q58: =N62/F62
A59: 62 | B59: 20 | C59: =[1]ΑΝΤΙΣΤΟΙΧΙΣΗ!I202 | D59: ='[1]2026_60-69 ΕΞΟΔΑ+ΟΜ 2'!G19 | E59: =D63/$D$43 | F59: =D63+'[1]2026 Μάρτιος'!F59 | G59: =F63/$F$43 | I59: =H63/$H$43 | J59: =H63 | K59: =J63/$J$43 | L59: ='[1]2024_60-69 ΕΞΟΔΑ+ΟΜ 2'!G19 | M59: =L63/$L$43 | N59: =L63+'[1]2026 Μάρτιος'!N59 | O59: =N63/$N$43 | Q59: =N63/F63
A60: 63 | B60: 21 | C60: =[1]ΑΝΤΙΣΤΟΙΧΙΣΗ!I203 | D60: ='[1]2026_60-69 ΕΞΟΔΑ+ΟΜ 2'!G20 | E60: =D64/$D$43 | F60: =D64+'[1]2026 Μάρτιος'!F60 | G60: =F64/$F$43 | I60: =H64/$H$43 | J60: =H64 | K60: =J64/$J$43 | L60: ='[1]2024_60-69 ΕΞΟΔΑ+ΟΜ 2'!G20 | M60: =L64/$L$43 | N60: =L64+'[1]2026 Μάρτιος'!N60 | O60: =N64/$N$43 | Q60: =N64/F64
A61: 64 | B61: 22 | C61: =[1]ΑΝΤΙΣΤΟΙΧΙΣΗ!I204 | D61: ='[1]2026_60-69 ΕΞΟΔΑ+ΟΜ 2'!G21 | E61: =D65/$D$43 | F61: =D65+'[1]2026 Μάρτιος'!F61 | G61: =F65/$F$43 | I61: =H65/$H$43 | J61: =H65 | K61: =J65/$J$43 | L61: ='[1]2024_60-69 ΕΞΟΔΑ+ΟΜ 2'!G21 | M61: =L65/$L$43 | N61: =L65+'[1]2026 Μάρτιος'!N61 | O61: =N65/$N$43 | Q61: =N65/F65
A62: 65 | B62: 23 | C62: =[1]ΑΝΤΙΣΤΟΙΧΙΣΗ!I205 | D62: ='[1]2026_60-69 ΕΞΟΔΑ+ΟΜ 2'!G22 | E62: =D66/$D$43 | F62: =D66+'[1]2026 Μάρτιος'!F62 | G62: =F66/$F$43 | I62: =H66/$H$43 | J62: =H66 | K62: =J66/$J$43 | L62: ='[1]2024_60-69 ΕΞΟΔΑ+ΟΜ 2'!G22 | M62: =L66/$L$43 | N62: =L66+'[1]2026 Μάρτιος'!N62 | O62: =N66/$N$43 | Q62: =N66/F66
A63: 66 | B63: 24 | C63: =[1]ΑΝΤΙΣΤΟΙΧΙΣΗ!I206 | D63: ='[1]2026_60-69 ΕΞΟΔΑ+ΟΜ 2'!G23 | E63: =D67/$D$43 | F63: =D67+'[1]2026 Μάρτιος'!F63 | G63: =F67/$F$43 | I63: =H67/$H$43 | J63: =H67 | K63: =J67/$J$43 | L63: ='[1]2024_60-69 ΕΞΟΔΑ+ΟΜ 2'!G23 | M63: =L67/$L$43 | N63: =L67+'[1]2026 Μάρτιος'!N63 | O63: =N67/$N$43 | Q63: =N67/F67
A64: 67 | B64: 25 | C64: =[1]ΑΝΤΙΣΤΟΙΧΙΣΗ!I207 | D64: ='[1]2026_60-69 ΕΞΟΔΑ+ΟΜ 2'!G24 | E64: =D68/$D$43 | F64: =D68+'[1]2026 Μάρτιος'!F64 | G64: =F68/$F$43 | I64: =H68/$H$43 | J64: =H68 | K64: =J68/$J$43 | L64: ='[1]2024_60-69 ΕΞΟΔΑ+ΟΜ 2'!G24 | M64: =L68/$L$43 | N64: =L68+'[1]2026 Μάρτιος'!N64 | O64: =N68/$N$43 | Q64: =N68/F68
A65: 68 | B65: 26 | C65: =[1]ΑΝΤΙΣΤΟΙΧΙΣΗ!I208 | D65: ='[1]2026_60-69 ΕΞΟΔΑ+ΟΜ 2'!G25 | E65: =D69/$D$43 | F65: =D69+'[1]2026 Μάρτιος'!F65 | G65: =F69/$F$43 | I65: =H69/$H$43 | J65: =H69 | K65: =J69/$J$43 | L65: ='[1]2024_60-69 ΕΞΟΔΑ+ΟΜ 2'!G25 | M65: =L69/$L$43 | N65: =L69+'[1]2026 Μάρτιος'!N65 | O65: =N69/$N$43 | Q65: =N69/F69
A66: 69 | B66: 27 | C66: =[1]ΑΝΤΙΣΤΟΙΧΙΣΗ!I209 | D66: ='[1]2026_60-69 ΕΞΟΔΑ+ΟΜ 2'!G26 | E66: =D70/$D$43 | F66: =D70+'[1]2026 Μάρτιος'!F66 | G66: =F70/$F$43 | I66: =H70/$H$43 | J66: =H70 | K66: =J70/$J$43 | L66: ='[1]2024_60-69 ΕΞΟΔΑ+ΟΜ 2'!G26 | M66: =L70/$L$43 | N66: =L70+'[1]2026 Μάρτιος'!N66 | O66: =N70/$N$43 | Q66: =N70/F70
A67: 70 | B67: 28 | C67: =[1]ΑΝΤΙΣΤΟΙΧΙΣΗ!I210 | D67: ='[1]2026_60-69 ΕΞΟΔΑ+ΟΜ 2'!G27 | E67: =D71/$D$43 | F67: =D71+'[1]2026 Μάρτιος'!F67 | G67: =F71/$F$43 | I67: =H71/$H$43 | J67: =H71 | K67: =J71/$J$43 | L67: ='[1]2024_60-69 ΕΞΟΔΑ+ΟΜ 2'!G27 | M67: =L71/$L$43 | N67: =L71+'[1]2026 Μάρτιος'!N67 | O67: =N71/$N$43 | Q67: =N71/F71
A68: 71 | B68: 29 | C68: =[1]ΑΝΤΙΣΤΟΙΧΙΣΗ!I211 | D68: ='[1]2026_60-69 ΕΞΟΔΑ+ΟΜ 2'!G28 | E68: =D72/$D$43 | F68: =D72+'[1]2026 Μάρτιος'!F68 | G68: =F72/$F$43 | I68: =H72/$H$43 | J68: =H72 | K68: =J72/$J$43 | L68: ='[1]2024_60-69 ΕΞΟΔΑ+ΟΜ 2'!G28 | M68: =L72/$L$43 | N68: =L72+'[1]2026 Μάρτιος'!N68 | O68: =N72/$N$43 | Q68: =N72/F72
A69: 72 | B69: 30 | C69: =[1]ΑΝΤΙΣΤΟΙΧΙΣΗ!I212 | D69: ='[1]2026_60-69 ΕΞΟΔΑ+ΟΜ 2'!G29 | E69: =D73/$D$43 | F69: =D73+'[1]2026 Μάρτιος'!F69 | G69: =F73/$F$43 | I69: =H73/$H$43 | J69: =H73 | K69: =J73/$J$43 | L69: ='[1]2024_60-69 ΕΞΟΔΑ+ΟΜ 2'!G29 | M69: =L73/$L$43 | N69: =L73+'[1]2026 Μάρτιος'!N69 | O69: =N73/$N$43 | Q69: =N73/F73
A70: 73 | B70: 31 | C70: =[1]ΑΝΤΙΣΤΟΙΧΙΣΗ!I213 | D70: 0 | E70: =D74/$D$43 | F70: =D74+'[1]2026 Μάρτιος'!F70 | G70: =F74/$F$43 | I70: =H74/$H$43 | J70: =H74 | K70: =J74/$J$43 | L70: ='[1]2024_60-69 ΕΞΟΔΑ+ΟΜ 2'!G30 | M70: =L74/$L$43 | N70: =L74+'[1]2026 Μάρτιος'!N70 | O70: =N74/$N$43 | Q70: =N74/F74
A71: 74 | B71: 32 | C71: =[1]ΑΝΤΙΣΤΟΙΧΙΣΗ!I214 | D71: ='[1]2026_60-69 ΕΞΟΔΑ+ΟΜ 2'!G31 | E71: =D75/$D$43 | F71: =D75+'[1]2026 Μάρτιος'!F71 | G71: =F75/$F$43 | I71: =H75/$H$43 | J71: =H75 | K71: =J75/$J$43 | L71: ='[1]2024_60-69 ΕΞΟΔΑ+ΟΜ 2'!G31 | M71: =L75/$L$43 | N71: =L75+'[1]2026 Μάρτιος'!N71 | O71: =N75/$N$43 | Q71: =N75/F75
A72: 75 | B72: 33 | C72: =[1]ΑΝΤΙΣΤΟΙΧΙΣΗ!I215 | D72: ='[1]2026_60-69 ΕΞΟΔΑ+ΟΜ 2'!G32 | E72: =D76/$D$43 | F72: =D76+'[1]2026 Μάρτιος'!F72 | G72: =F76/$F$43 | I72: =H76/$H$43 | J72: =H76 | K72: =J76/$J$43 | L72: ='[1]2024_60-69 ΕΞΟΔΑ+ΟΜ 2'!G32 | M72: =L76/$L$43 | N72: =L76+'[1]2026 Μάρτιος'!N72 | O72: =N76/$N$43 | Q72: =N76/F76
A73: 76 | B73: 34 | C73: =[1]ΑΝΤΙΣΤΟΙΧΙΣΗ!I216 | D73: ='[1]2026_60-69 ΕΞΟΔΑ+ΟΜ 2'!G33 | E73: =D77/$D$43 | F73: =D77+'[1]2026 Μάρτιος'!F73 | G73: =F77/$F$43 | I73: =H77/$H$43 | J73: =H77 | K73: =J77/$J$43 | L73: ='[1]2024_60-69 ΕΞΟΔΑ+ΟΜ 2'!G33 | M73: =L77/$L$43 | N73: =L77+'[1]2026 Μάρτιος'!N73 | O73: =N77/$N$43 | Q73: =N77/F77
A74: 77 | C74: ΣΥΝΟΛΟ ΑΜΕΣΟΥ ΚΟΣΤΟΥΣ | D74: ='[1]2026_60-69 ΕΞΟΔΑ+ΟΜ 2'!G3 | F74: =D78+'[1]2026 Μάρτιος'!F74 | H74: =SUM(H44:H77) | J74: =SUM(J44:J77) | L74: =SUM(L44:L77) | N74: =SUM(N44:N77) | P74: =SUM(P44:P77)
A75: 78 | C75: Ελεγχος Ορθότητας ( πρέπει να είναι 0) | D75: =D43-D78 | F75: =F43-F78 | H75: =H43-H78 | J75: =J43-J78 | L75: =L43-L78 | N75: =N43-N78 | P75: =P43-P78
A76: 79 | C76: Μεικτό περιθώριο Κέρδους | D76: =D38-D78 | F76: =F38-F78 | H76: =H38-H78 | I76: =H80/$I$39 | J76: =J38-J78 | L76: =L38-L78 | N76: =N38-N78 | P76: =P38-P78
A77: 80 | C77: ΑΝΑΛΥΣΗ ΕΤΟΥΣ 2026 | D77: =[1]ΑΝΤΙΣΤΟΙΧΙΣΗ!$F$32 | H77: =[1]ΑΝΤΙΣΤΟΙΧΙΣΗ!$F$35 | L77: =[1]ΑΝΤΙΣΤΟΙΧΙΣΗ!$F$68 | P77: =[1]ΑΝΤΙΣΤΟΙΧΙΣΗ!$F$100
A78: 81 | C78: ΕΙΔΟΣ ΕΣΟΔΩΝ | D78: =[1]ΑΝΤΙΣΤΟΙΧΙΣΗ!$F$109 | G78: =[1]ΑΝΤΙΣΤΟΙΧΙΣΗ!$D$34 | H78: =[1]ΑΝΤΙΣΤΟΙΧΙΣΗ!$F$109 | K78: =[1]ΑΝΤΙΣΤΟΙΧΙΣΗ!$D$34 | L78: =[1]ΑΝΤΙΣΤΟΙΧΙΣΗ!$F$123 | O78: =[1]ΑΝΤΙΣΤΟΙΧΙΣΗ!$D$33
A79: 82 | B79: Γ | C79: Κατηγορία Εξόδου | D79: Ποσά | E79: % Κατηγ.Εξ/Σύν.Κδιάθ.μηνός | F79: Προοδευτικό Σύνολο Κατηγ. Εξόδων έως Σήμερα | G79: % Προοδ. Σύν. Κατηγ. Εξ/ Προοδ. Σύνολο Εξόδων | H79: Εξοδα Μηνός | I79: % Κατηγ.Εξ/Σύν.Κδιά .μηνός | J79: Προοδευτικό Σύνολο Κατηγ. Εξόδων έως Σήμερα | K79: % Προοδ. Σύν. Κατηγ. Εξ/ Προοδ. Σύνολο Εξόδων | L79: Εξοδα Μηνός | M79: % Κατηγ.Εξ/Σύν.Κδιά .μηνός | N79: Προοδευτικό Σύνολο Κατηγ. Εξόδων έως Σήμερα | O79: % Προοδ. Σύν. Κατηγ. Εξ/ Προοδ. Σύνολο Εξόδων | P79: Προοδ. Διαφορά με Προηγ. Έτος ( Τρέχον Έτος - Προηγ. Έτος) | Q79: % Προοδ.Σύνολο Κατηγ. Εσ. Πρ. Έτους / Προοδ.Σύν.Εσ. Τρέχοντος Έτους
A80: 83 | B80: Α/Α | C80: ΚΟΣΤΟΣ Sales - Marketing | D80: =SUM(D47:D110) | F80: =SUM(F47:F110) | H80: =SUM(H47:H110) | J80: =SUM(J47:J110) | L80: =SUM(L47:L110) | N80: =SUM(N47:N110) | P80: =SUM(P47:P110)
A81: 84 | B81: 1 | C81: =[1]ΑΝΤΙΣΤΟΙΧΙΣΗ!L189 | D81: ='[1]2026_60-69 ΕΞΟΔΑ+ΟΜ 2'!G39 | L81: 2128.84
A82: 85 | B82: 2 | C82: =[1]ΑΝΤΙΣΤΟΙΧΙΣΗ!L190 | D82: ='[1]2026_60-69 ΕΞΟΔΑ+ΟΜ 2'!G40 | G82: =F86/$F$84 | K82: =J86/$J$84 | L82: 0 | O82: =N86/$N$84
A83: 86 | B83: 3 | C83: =[1]ΑΝΤΙΣΤΟΙΧΙΣΗ!L193 | D83: ='[1]2026_60-69 ΕΞΟΔΑ+ΟΜ 2'!G43 | E83: =D87/$D$111 | F83: =D87+'[1]2026 Μάρτιος'!F87 | G83: =F87/$F$84 | I83: =H87/$H$84 | K83: =J87/$J$84 | L83: 427.49 | M83: =L87/$L$84 | N83: =L87+'[1]2026 Μάρτιος'!N87 | O83: =N87/$N$84 | Q83: =SUM(D87:P87)
A84: 87 | B84: 4 | C84: =[1]ΑΝΤΙΣΤΟΙΧΙΣΗ!L194 | D84: ='[1]2026_60-69 ΕΞΟΔΑ+ΟΜ 2'!G44 | E84: =D88/$D$111 | F84: =D88+'[1]2026 Μάρτιος'!F88 | G84: =F88/$F$84 | I84: =H88/$H$84 | K84: =J88/$J$84 | L84: 0 | M84: =L88/$L$84 | N84: =L88+'[1]2026 Μάρτιος'!N88 | O84: =N88/$N$84 | Q84: =SUM(D88:P88)
A85: 88 | B85: 5 | C85: =[1]ΑΝΤΙΣΤΟΙΧΙΣΗ!L195 | D85: ='[1]2026_60-69 ΕΞΟΔΑ+ΟΜ 2'!G45 | E85: =D89/$D$111 | F85: =D89+'[1]2026 Μάρτιος'!F89 | G85: =F89/$F$84 | I85: =H89/$H$84 | K85: =J89/$J$84 | L85: 0 | M85: =L89/$L$84 | N85: =L89+'[1]2026 Μάρτιος'!N89 | O85: =N89/$N$84 | Q85: =SUM(D89:P89)
A86: 89 | B86: 6 | C86: =[1]ΑΝΤΙΣΤΟΙΧΙΣΗ!L196 | D86: ='[1]2026_60-69 ΕΞΟΔΑ+ΟΜ 2'!G46 | E86: =D90/$D$111 | F86: =D90+'[1]2026 Μάρτιος'!F90 | G86: =F90/$F$84 | I86: =H90/$H$84 | K86: =J90/$J$84 | L86: 0 | M86: =L90/$L$84 | N86: =L90+'[1]2026 Μάρτιος'!N90 | O86: =N90/$N$84 | Q86: =SUM(D90:P90)
A87: 90 | B87: 7 | C87: =[1]ΑΝΤΙΣΤΟΙΧΙΣΗ!L197 | D87: ='[1]2026_60-69 ΕΞΟΔΑ+ΟΜ 2'!G47 | E87: =D91/$D$111 | F87: =D91+'[1]2026 Μάρτιος'!F91 | G87: =F91/$F$84 | I87: =H91/$H$84 | K87: =J91/$J$84 | L87: 0 | M87: =L91/$L$84 | N87: =L91+'[1]2026 Μάρτιος'!N91 | O87: =N91/$N$84 | Q87: =SUM(D91:P91)
A88: 91 | B88: 8 | C88: =[1]ΑΝΤΙΣΤΟΙΧΙΣΗ!L198 | D88: ='[1]2026_60-69 ΕΞΟΔΑ+ΟΜ 2'!G48 | E88: =D92/$D$111 | F88: =D92+'[1]2026 Μάρτιος'!F92 | G88: =F92/$F$84 | I88: =H92/$H$84 | K88: =J92/$J$84 | L88: 0 | M88: =L92/$L$84 | N88: =L92+'[1]2026 Μάρτιος'!N92 | O88: =N92/$N$84 | Q88: =SUM(D92:P92)
A89: 92 | B89: 9 | C89: =[1]ΑΝΤΙΣΤΟΙΧΙΣΗ!L199 | D89: ='[1]2026_60-69 ΕΞΟΔΑ+ΟΜ 2'!G49 | E89: =D93/$D$111 | F89: =D93+'[1]2026 Μάρτιος'!F93 | G89: =F93/$F$84 | I89: =H93/$H$84 | K89: =J93/$J$84 | L89: 0 | M89: =L93/$L$84 | N89: =L93+'[1]2026 Μάρτιος'!N93 | O89: =N93/$N$84 | Q89: =SUM(D93:P93)
A90: 93 | B90: 10 | C90: =[1]ΑΝΤΙΣΤΟΙΧΙΣΗ!L200 | D90: ='[1]2026_60-69 ΕΞΟΔΑ+ΟΜ 2'!G50 | E90: =D94/$D$111 | F90: =D94+'[1]2026 Μάρτιος'!F94 | G90: =F94/$F$84 | I90: =H94/$H$84 | K90: =J94/$J$84 | L90: 0 | M90: =L94/$L$84 | N90: =L94+'[1]2026 Μάρτιος'!N94 | O90: =N94/$N$84 | Q90: =SUM(D94:P94)
A91: 94 | B91: 11 | C91: =[1]ΑΝΤΙΣΤΟΙΧΙΣΗ!L201 | D91: ='[1]2026_60-69 ΕΞΟΔΑ+ΟΜ 2'!G51 | E91: =D95/$D$111 | F91: =D95+'[1]2026 Μάρτιος'!F95 | G91: =F95/$F$84 | I91: =H95/$H$84 | K91: =J95/$J$84 | L91: 0 | M91: =L95/$L$84 | N91: =L95+'[1]2026 Μάρτιος'!N95 | O91: =N95/$N$84 | Q91: =SUM(D95:P95)
A92: 95 | B92: 12 | C92: =[1]ΑΝΤΙΣΤΟΙΧΙΣΗ!L202 | D92: ='[1]2026_60-69 ΕΞΟΔΑ+ΟΜ 2'!G52 | E92: =D96/$D$111 | F92: =D96+'[1]2026 Μάρτιος'!F96 | G92: =F96/$F$84 | I92: =H96/$H$84 | K92: =J96/$J$84 | L92: 0 | M92: =L96/$L$84 | N92: =L96+'[1]2026 Μάρτιος'!N96 | O92: =N96/$N$84 | Q92: =SUM(D96:P96)
A93: 96 | B93: 13 | C93: =[1]ΑΝΤΙΣΤΟΙΧΙΣΗ!L203 | D93: ='[1]2026_60-69 ΕΞΟΔΑ+ΟΜ 2'!G53 | E93: =D97/$D$111 | F93: =D97+'[1]2026 Μάρτιος'!F97 | G93: =F97/$F$84 | I93: =H97/$H$84 | K93: =J97/$J$84 | L93: 0 | M93: =L97/$L$84 | N93: =L97+'[1]2026 Μάρτιος'!N97 | O93: =N97/$N$84 | Q93: =SUM(D97:P97)
A94: 97 | B94: 14 | C94: =[1]ΑΝΤΙΣΤΟΙΧΙΣΗ!L204 | D94: ='[1]2026_60-69 ΕΞΟΔΑ+ΟΜ 2'!G54 | E94: =D98/$D$111 | F94: =D98+'[1]2026 Μάρτιος'!F98 | G94: =F98/$F$84 | I94: =H98/$H$84 | K94: =J98/$J$84 | L94: 0 | M94: =L98/$L$84 | N94: =L98+'[1]2026 Μάρτιος'!N98 | O94: =N98/$N$84 | Q94: =SUM(D98:P98)
... A101: 104 | B101: 21 | C101: =[1]ΑΝΤΙΣΤΟΙΧΙΣΗ!L211 | D101: ='[1]2026_60-69 ΕΞΟΔΑ+ΟΜ 2'!G61 | E101: =D105/$D$111 | F101: =D105+'[1]2026 Μάρτιος'!F105 | G101: =F105/$F$84 | I101: =H105/$H$84 | K101: =J105/$J$84 | L101: 0 | M101: =L105/$L$84 | N101: =L105+'[1]2026 Μάρτιος'!N105 | O101: =N105/$N$84 | Q101: =SUM(D105:P105)
A102: 105 | B102: 22 | C102: =[1]ΑΝΤΙΣΤΟΙΧΙΣΗ!L212
A103: 106 | B103: 23 | C103: =[1]ΑΝΤΙΣΤΟΙΧΙΣΗ!L213
A104: 107 | B104: 24 | C104: =[1]ΑΝΤΙΣΤΟΙΧΙΣΗ!L214
A105: 108 | B105: 25 | C105: =[1]ΑΝΤΙΣΤΟΙΧΙΣΗ!L215
A106: 109 | B106: 26 | C106: =[1]ΑΝΤΙΣΤΟΙΧΙΣΗ!L216
A107: 110 | C107: ΣΥΝΟΛΟ ΚΟΣΤΟΥΣ Sales-Marketing ΜΗΝΟΣ | D107: ='[1]2026_60-69 ΕΞΟΔΑ+ΟΜ 2'!G36 | F107: =D111+'[1]2026 Μάρτιος'!F111 | H107: =SUM(H47:H110) | J107: =SUM(J47:J110) | L107: =SUM(L47:L110) | N107: =SUM(N47:N110) | P107: =SUM(P47:P110)
A108: 111 | C108: Ελεγχος Ορθότητας ( πρέπει να είναι 0) | D108: =D84-D111 | F108: =F84-F111 | H108: =H84-H111 | J108: =J84-J111 | L108: =L84-L111 | N108: =N84-N111 | P108: =P84-P111
A109: 112 | C109: ΑΝΑΛΥΣΗ ΕΤΟΥΣ 2026 | D109: =[1]ΑΝΤΙΣΤΟΙΧΙΣΗ!$F$32 | H109: =[1]ΑΝΤΙΣΤΟΙΧΙΣΗ!$F$35 | L109: =[1]ΑΝΤΙΣΤΟΙΧΙΣΗ!$F$68 | P109: =[1]ΑΝΤΙΣΤΟΙΧΙΣΗ!$F$100
...

Sheet 2026 Μάιος
A1: ΑΝΑΛΥΣΗ ΑΠΟΤΕΛΕΣΜΑΤΟΣ ΜΗΝΟΣ
A2: 1 | C2: ΑΝΑΛΥΣΗ ΕΤΟΥΣ 2026 | D2: =[1]ΑΝΤΙΣΤΟΙΧΙΣΗ!$F$32 | H2: =[1]ΑΝΤΙΣΤΟΙΧΙΣΗ!$F$35 | L2: =[1]ΑΝΤΙΣΤΟΙΧΙΣΗ!$F$68 | P2: =[1]ΑΝΤΙΣΤΟΙΧΙΣΗ!$F$100
A3: 2 | C3: ΕΙΔΟΣ ΕΣΟΔΩΝ | D3: =[1]ΑΝΤΙΣΤΟΙΧΙΣΗ!$F$110 | G3: =[1]ΑΝΤΙΣΤΟΙΧΙΣΗ!$D$34 | H3: =[1]ΑΝΤΙΣΤΟΙΧΙΣΗ!$F$110 | K3: =[1]ΑΝΤΙΣΤΟΙΧΙΣΗ!$D$34 | L3: =[1]ΑΝΤΙΣΤΟΙΧΙΣΗ!$F$124 | O3: =[1]ΑΝΤΙΣΤΟΙΧΙΣΗ!$D$33
A4: 3 | B4: Α | C4: Κατηγορία Εσόδου | D4: Εσοδο Μηνός | E4: % Εσοδο Γραμμής/Σύν.Εσ.Μηνός | F4: Προοδευτικό Σύνολο Εσόδων έως σήμερα | G4: % Προοδ.Σύνολο Κατηγ. Εσ. /Προοδ.Σύν.Εσ. Έως σήμερα | H4: Εσοδο Μηνός | I4: % Εσοδο Γραμμής /Σύν.Εσ.Μηνός | J4: Προοδευτικό έως σήμερα | K4: % Προοδ.Σύνολο Κατηγ. Εσ. /Προοδ.Σύν.Εσ. Έως σήμερα | L4: Εσοδο Μηνός 2024 | M4: % Εσοδο Γραμμής/Σύν.Εσ.Μηνός | N4: Προοδευτικό Σύνολο Εσόδων έως Τρέχοντα μήνα | O4: % Προοδ.Σύνολο Κατηγ. Εσ. /Προοδ.Σύν.Εσ. Έως σήμερα | P4: Προοδ. Διαφορά Συν. Πραγμ.Τρ. Έτους - Αντιστ. Προοδ. Σύν. Πραγμ. Προηγ. Έτους | Q4: % Προοδ. Διαφορά Κατηγ. Εσ. / Προοδ.Σύν.Προυπ. Εσ. Τρέχοντος Έτους
A5: 4 | C5: Λογιστικό Αποτέλεσμα μηνός | D5: =D7-D6 | F5: =F7-F6 | H5: =H159-H6 | J5: =J159-J6 | L5: =L7-L6 | N5: =N7-N6 | P5: =P159-P6
A6: 5 | C6: Σύνολο Εξόδων Μηνός | D6: =D43+D84+D116 | F6: =F78+F111+F157 | H6: =H38-H43-H84 | J6: =J38-J43-J84 | L6: =L43+L84+L116 | N6: =N78+N111+N157 | P6: =P38-P43-P84
A7: 6 | B7: Α/Α | C7: Σύνολο Εσόδων Μηνός | D7: =SUM(D8:D31) | F7: =SUM(F8:F31) | H7: =SUM(H8:H31) | J7: =SUM(J8:J31) | L7: =SUM(L8:L31) | N7: =L7+'[1]2026 Απρίλιος'!N7 | P7: =SUM(P8:P31)
A8: 7 | B8: 1 | C8: =[1]ΑΝΤΙΣΤΟΙΧΙΣΗ!F187 | D8: ='[1]2026_ΕΣΟΔΑ'!G2 | E8: =D8/$D$7 | F8: =D8+'[1]2026 Απρίλιος'!F8 | G8: =F8/$F$7 | I8: =H8/$H$7 | J8: =H8+'[1]2026 Απρίλιος'!J8 | K8: =J8/$J$7 | L8: ='[1]2024_60-69 ΕΞΟΔΑ+ΟΜ 2'!G114 | M8: =L8/$L$7 | N8: =L8+'[1]2026 Απρίλιος'!N8 | O8: =N8/$N$7 | P8: =F8-N8 | Q8: =N8/F8
A9: 8 | B9: 2 | C9: =[1]ΑΝΤΙΣΤΟΙΧΙΣΗ!F188 | D9: ='[1]2026_ΕΣΟΔΑ'!G3 | E9: =D9/$D$7 | F9: =D9+'[1]2026 Απρίλιος'!F9 | G9: =F9/$F$7 | I9: =H9/$H$7 | J9: =H9+'[1]2026 Απρίλιος'!J9 | K9: =J9/$J$7 | L9: ='[1]2024_60-69 ΕΞΟΔΑ+ΟΜ 2'!G115 | M9: =L9/$L$7 | N9: =L9+'[1]2026 Απρίλιος'!N9 | O9: =N9/$N$7 | P9: =F9-N9 | Q9: =N9/F9
A10: 9 | B10: 3 | C10: =[1]ΑΝΤΙΣΤΟΙΧΙΣΗ!F189 | D10: ='[1]2026_ΕΣΟΔΑ'!G4 | E10: =D10/$D$7 | F10: =D10+'[1]2026 Απρίλιος'!F10 | G10: =F10/$F$7 | I10: =H10/$H$7 | J10: =H10+'[1]2026 Απρίλιος'!J10 | K10: =J10/$J$7 | L10: ='[1]2024_60-69 ΕΞΟΔΑ+ΟΜ 2'!G116 | M10: =L10/$L$7 | N10: =L10+'[1]2026 Απρίλιος'!N10 | O10: =N10/$N$7 | P10: =F10-N10 | Q10: =N10/F10
A11: 10 | B11: 4 | C11: =[1]ΑΝΤΙΣΤΟΙΧΙΣΗ!F190 | D11: ='[1]2026_ΕΣΟΔΑ'!G5 | E11: =D11/$D$7 | F11: =D11+'[1]2026 Απρίλιος'!F11 | G11: =F11/$F$7 | I11: =H11/$H$7 | J11: =H11+'[1]2026 Απρίλιος'!J11 | K11: =J11/$J$7 | L11: ='[1]2024_60-69 ΕΞΟΔΑ+ΟΜ 2'!G117 | M11: =L11/$L$7 | N11: =L11+'[1]2026 Απρίλιος'!N11 | O11: =N11/$N$7 | P11: =F11-N11 | Q11: =N11/F11
A12: 11 | B12: 5 | C12: =[1]ΑΝΤΙΣΤΟΙΧΙΣΗ!F191 | D12: ='[1]2026_ΕΣΟΔΑ'!G6 | E12: =D12/$D$7 | F12: =D12+'[1]2026 Απρίλιος'!F12 | G12: =F12/$F$7 | I12: =H12/$H$7 | J12: =H12+'[1]2026 Απρίλιος'!J12 | K12: =J12/$J$7 | L12: ='[1]2024_60-69 ΕΞΟΔΑ+ΟΜ 2'!G118 | M12: =L12/$L$7 | N12: =L12+'[1]2026 Απρίλιος'!N12 | O12: =N12/$N$7 | P12: =F12-N12 | Q12: =N12/F12
A13: 12 | B13: 6 | C13: =[1]ΑΝΤΙΣΤΟΙΧΙΣΗ!F192 | D13: ='[1]2026_ΕΣΟΔΑ'!G7 | E13: =D13/$D$7 | F13: =D13+'[1]2026 Απρίλιος'!F13 | G13: =F13/$F$7 | I13: =H13/$H$7 | J13: =H13+'[1]2026 Απρίλιος'!J13 | K13: =J13/$J$7 | L13: ='[1]2024_60-69 ΕΞΟΔΑ+ΟΜ 2'!G119 | M13: =L13/$L$7 | N13: =L13+'[1]2026 Απρίλιος'!N13 | O13: =N13/$N$7 | P13: =F13-N13 | Q13: =N13/F13
A14: 13 | B14: 7 | C14: =[1]ΑΝΤΙΣΤΟΙΧΙΣΗ!F193 | D14: ='[1]2026_ΕΣΟΔΑ'!G8 | E14: =D14/$D$7 | F14: =D14+'[1]2026 Απρίλιος'!F14 | G14: =F14/$F$7 | I14: =H14/$H$7 | J14: =H14+'[1]2026 Απρίλιος'!J14 | K14: =J14/$J$7 | L14: ='[1]2024_60-69 ΕΞΟΔΑ+ΟΜ 2'!G120 | M14: =L14/$L$7 | N14: =L14+'[1]2026 Απρίλιος'!N14 | O14: =N14/$N$7 | P14: =F14-N14 | Q14: =N14/F14
A15: 14 | B15: 8 | C15: =[1]ΑΝΤΙΣΤΟΙΧΙΣΗ!F194 | D15: ='[1]2026_ΕΣΟΔΑ'!G9 | E15: =D15/$D$7 | F15: =D15+'[1]2026 Απρίλιος'!F15 | G15: =F15/$F$7 | I15: =H15/$H$7 | J15: =H15+'[1]2026 Απρίλιος'!J15 | K15: =J15/$J$7 | L15: ='[1]2024_60-69 ΕΞΟΔΑ+ΟΜ 2'!G121 | M15: =L15/$L$7 | N15: =L15+'[1]2026 Απρίλιος'!N15 | O15: =N15/$N$7 | P15: =F15-N15 | Q15: =N15/F15
A16: 15 | B16: 9 | C16: =[1]ΑΝΤΙΣΤΟΙΧΙΣΗ!F195 | D16: ='[1]2026_ΕΣΟΔΑ'!G10 | E16: =D16/$D$7 | F16: =D16+'[1]2026 Απρίλιος'!F16 | G16: =F16/$F$7 | I16: =H16/$H$7 | J16: =H16+'[1]2026 Απρίλιος'!J16 | K16: =J16/$J$7 | L16: ='[1]2024_60-69 ΕΞΟΔΑ+ΟΜ 2'!G122 | M16: =L16/$L$7 | N16: =L16+'[1]2026 Απρίλιος'!N16 | O16: =N16/$N$7 | P16: =F16-N16 | Q16: =N16/F16
A17: 16 | B17: 10 | C17: =[1]ΑΝΤΙΣΤΟΙΧΙΣΗ!F196 | D17: ='[1]2026_ΕΣΟΔΑ'!G11 | E17: =D17/$D$7 | F17: =D17+'[1]2026 Απρίλιος'!F17 | G17: =F17/$F$7 | I17: =H17/$H$7 | J17: =H17+'[1]2026 Απρίλιος'!J17 | K17: =J17/$J$7 | L17: ='[1]2024_60-69 ΕΞΟΔΑ+ΟΜ 2'!G123 | M17: =L17/$L$7 | N17: =L17+'[1]2026 Απρίλιος'!N17 | O17: =N17/$N$7 | P17: =F17-N17 | Q17: =N17/F17
A18: 17 | B18: 11 | C18: =[1]ΑΝΤΙΣΤΟΙΧΙΣΗ!F197 | D18: ='[1]2026_ΕΣΟΔΑ'!G12 | E18: =D18/$D$7 | F18: =D18+'[1]2026 Απρίλιος'!F18 | G18: =F18/$F$7 | I18: =H18/$H$7 | J18: =H18+'[1]2026 Απρίλιος'!J18 | K18: =J18/$J$7 | L18: ='[1]2024_60-69 ΕΞΟΔΑ+ΟΜ 2'!G124 | M18: =L18/$L$7 | N18: =L18+'[1]2026 Απρίλιος'!N18 | O18: =N18/$N$7 | P18: =F18-N18 | Q18: =N18/F18
A19: 18 | B19: 12 | C19: =[1]ΑΝΤΙΣΤΟΙΧΙΣΗ!F198 | D19: ='[1]2026_ΕΣΟΔΑ'!G13 | E19: =D19/$D$7 | F19: =D19+'[1]2026 Απρίλιος'!F19 | G19: =F19/$F$7 | I19: =H19/$H$7 | J19: =H19+'[1]2026 Απρίλιος'!J19 | K19: =J19/$J$7 | L19: ='[1]2024_60-69 ΕΞΟΔΑ+ΟΜ 2'!G125 | M19: =L19/$L$7 | N19: =L19+'[1]2026 Απρίλιος'!N19 | O19: =N19/$N$7 | P19: =F19-N19 | Q19: =N19/F19
... A23: 22 | B23: 16 | C23: =[1]ΑΝΤΙΣΤΟΙΧΙΣΗ!F202 | D23: ='[1]2026_ΕΣΟΔΑ'!G17 | E23: =D23/$D$7 | F23: =D23+'[1]2026 Απρίλιος'!F23 | G23: =F23/$F$7 | I23: =H23/$H$7 | J23: =H23+'[1]2026 Απρίλιος'!J23 | K23: =J23/$J$7 | L23: ='[1]2024_60-69 ΕΞΟΔΑ+ΟΜ 2'!G129 | M23: =L23/$L$7 | N23: =L23+'[1]2026 Απρίλιος'!N23 | O23: =N23/$N$7 | P23: =F23-N23 | Q23: =N23/F23
A24: 23 | B24: 17 | C24: =[1]ΑΝΤΙΣΤΟΙΧΙΣΗ!F203 | D24: ='[1]2026_ΕΣΟΔΑ'!G18 | E24: =D24/$D$7 | F24: =D24+'[1]2026 Απρίλιος'!F24 | G24: =F24/$F$7 | H24: =[1]ΠΡΟΥΠΟΛΟΓΙΣΜΟΣ_ΕΣΟΔΑ!E225 | I24: =H24/$H$7 | J24: =H24+'[1]2026 Απρίλιος'!J24 | K24: =J24/$J$7 | L24: ='[1]2024_60-69 ΕΞΟΔΑ+ΟΜ 2'!G130 | M24: =L24/$L$7 | N24: =L24+'[1]2026 Απρίλιος'!N24 | O24: =N24/$N$7 | P24: =F24-N24 | Q24: =N24/F24
A25: 24 | B25: 18 | C25: =[1]ΑΝΤΙΣΤΟΙΧΙΣΗ!F204 | D25: ='[1]2026_ΕΣΟΔΑ'!G19 | E25: =D25/$D$7 | F25: =D25+'[1]2026 Απρίλιος'!F25 | G25: =F25/$F$7 | I25: =H25/$H$7 | J25: =H25+'[1]2026 Απρίλιος'!J25 | K25: =J25/$J$7 | L25: ='[1]2024_60-69 ΕΞΟΔΑ+ΟΜ 2'!G131 | M25: =L25/$L$7 | N25: =L25+'[1]2026 Απρίλιος'!N25 | O25: =N25/$N$7 | P25: =F25-N25 | Q25: =N25/F25
A26: 25 | B26: 19 | C26: =[1]ΑΝΤΙΣΤΟΙΧΙΣΗ!F205 | D26: ='[1]2026_ΕΣΟΔΑ'!G20 | E26: =D26/$D$7 | F26: =D26+'[1]2026 Απρίλιος'!F26 | G26: =F26/$F$7 | I26: =H26/$H$7 | J26: =H26+'[1]2026 Απρίλιος'!J26 | K26: =J26/$J$7 | L26: ='[1]2024_60-69 ΕΞΟΔΑ+ΟΜ 2'!G132 | M26: =L26/$L$7 | N26: =L26+'[1]2026 Απρίλιος'!N26 | O26: =N26/$N$7 | P26: =F26-N26 | Q26: =N26/F26
A27: 26 | B27: 20 | C27: =[1]ΑΝΤΙΣΤΟΙΧΙΣΗ!F206 | D27: ='[1]2026_ΕΣΟΔΑ'!G21 | E27: =D27/$D$7 | F27: =D27+'[1]2026 Απρίλιος'!F27 | G27: =F27/$F$7 | I27: =H27/$H$7 | J27: =H27+'[1]2026 Απρίλιος'!J27 | K27: =J27/$J$7 | L27: ='[1]2024_60-69 ΕΞΟΔΑ+ΟΜ 2'!G133 | M27: =L27/$L$7 | N27: =L27+'[1]2026 Απρίλιος'!N27 | O27: =N27/$N$7 | P27: =F27-N27 | Q27: =N27/F27
A28: 27 | B28: 21 | C28: =[1]ΑΝΤΙΣΤΟΙΧΙΣΗ!F207 | D28: ='[1]2026_ΕΣΟΔΑ'!G22 | E28: =D28/$D$7 | F28: =D28+'[1]2026 Απρίλιος'!F28 | G28: =F28/$F$7 | I28: =H28/$H$7 | J28: =H28+'[1]2026 Απρίλιος'!J28 | K28: =J28/$J$7 | L28: ='[1]2024_60-69 ΕΞΟΔΑ+ΟΜ 2'!G134 | M28: =L28/$L$7 | N28: =L28+'[1]2026 Απρίλιος'!N28 | O28: =N28/$N$7 | P28: =F28-N28 | Q28: =N28/F28
A29: 28 | B29: 22 | C29: =[1]ΑΝΤΙΣΤΟΙΧΙΣΗ!F208 | D29: ='[1]2026_ΕΣΟΔΑ'!G23 | E29: =D29/$D$7 | F29: =D29+'[1]2026 Απρίλιος'!F29 | G29: =F29/$F$7 | I29: =H29/$H$7 | J29: =H29+'[1]2026 Απρίλιος'!J29 | K29: =J29/$J$7 | L29: ='[1]2024_60-69 ΕΞΟΔΑ+ΟΜ 2'!G135 | M29: =L29/$L$7 | N29: =L29+'[1]2026 Απρίλιος'!N29 | O29: =N29/$N$7 | P29: =F29-N29 | Q29: =N29/F29
A30: 29 | B30: 23 | C30: =[1]ΑΝΤΙΣΤΟΙΧΙΣΗ!F209 | D30: ='[1]2026_ΕΣΟΔΑ'!G24 | E30: =D30/$D$7 | F30: =D30+'[1]2026 Απρίλιος'!F30 | G30: =F30/$F$7 | I30: =H30/$H$7 | J30: =H30+'[1]2026 Απρίλιος'!J30 | K30: =J30/$J$7 | L30: ='[1]2024_60-69 ΕΞΟΔΑ+ΟΜ 2'!G136 | M30: =L30/$L$7 | N30: =L30+'[1]2026 Απρίλιος'!N30 | O30: =N30/$N$7 | P30: =F30-N30 | Q30: =N30/F30
A31: 30 | B31: 24 | C31: =[1]ΑΝΤΙΣΤΟΙΧΙΣΗ!F210 | D31: ='[1]2026_ΕΣΟΔΑ'!G25 | E31: =D31/$D$7 | F31: =D31+'[1]2026 Απρίλιος'!F31 | G31: =F31/$F$7 | I31: =H31/$H$7 | J31: =H31+'[1]2026 Απρίλιος'!J31 | K31: =J31/$J$7 | L31: ='[1]2024_60-69 ΕΞΟΔΑ+ΟΜ 2'!G137 | M31: =L31/$L$7 | N31: =L31+'[1]2026 Απρίλιος'!N31 | O31: =N31/$N$7 | P31: =F31-N31 | Q31: =N31/F31
A32: 31 | B32: 25 | C32: =[1]ΑΝΤΙΣΤΟΙΧΙΣΗ!F211 | D32: ='[1]2026_ΕΣΟΔΑ'!G26 | E32: =D32/$D$7 | F32: =D32+'[1]2026 Απρίλιος'!F32 | G32: =F32/$F$7 | I32: =H32/$H$7 | J32: =H32+'[1]2026 Απρίλιος'!J32 | K32: =J32/$J$7 | L32: ='[1]2024_60-69 ΕΞΟΔΑ+ΟΜ 2'!G138 | M32: =L32/$L$7 | N32: =L32+'[1]2026 Απρίλιος'!N32 | O32: =N32/$N$7 | P32: =F32-N32 | Q32: =N32/F32
A33: 32 | B33: 26 | C33: =[1]ΑΝΤΙΣΤΟΙΧΙΣΗ!F212 | D33: ='[1]2026_ΕΣΟΔΑ'!G27 | E33: =D33/$D$7 | F33: =D33+'[1]2026 Απρίλιος'!F33 | G33: =F33/$F$7 | I33: =H33/$H$7 | J33: =H33+'[1]2026 Απρίλιος'!J33 | K33: =J33/$J$7 | L33: ='[1]2024_60-69 ΕΞΟΔΑ+ΟΜ 2'!G139 | M33: =L33/$L$7 | N33: =L33+'[1]2026 Απρίλιος'!N33 | O33: =N33/$N$7 | P33: =F33-N33 | Q33: =N33/F33
A34: 33 | B34: 27 | C34: =[1]ΑΝΤΙΣΤΟΙΧΙΣΗ!F213 | D34: ='[1]2026_ΕΣΟΔΑ'!G28 | E34: =D34/$D$7 | F34: =D34+'[1]2026 Απρίλιος'!F34 | G34: =F34/$F$7 | I34: =H34/$H$7 | J34: =H34+'[1]2026 Απρίλιος'!J34 | K34: =J34/$J$7 | L34: ='[1]2024_60-69 ΕΞΟΔΑ+ΟΜ 2'!G140 | M34: =L34/$L$7 | N34: =L34+'[1]2026 Απρίλιος'!N34 | O34: =N34/$N$7 | P34: =F34-N34 | Q34: =N34/F34
A35: 34 | B35: 28 | C35: =[1]ΑΝΤΙΣΤΟΙΧΙΣΗ!F214 | D35: ='[1]2026_ΕΣΟΔΑ'!G29 | E35: =D35/$D$7 | F35: =D35+'[1]2026 Απρίλιος'!F35 | G35: =F35/$F$7 | I35: =H35/$H$7 | J35: =H35+'[1]2026 Απρίλιος'!J35 | K35: =J35/$J$7 | L35: ='[1]2024_60-69 ΕΞΟΔΑ+ΟΜ 2'!G141 | M35: =L35/$L$7 | N35: =L35+'[1]2026 Απρίλιος'!N35 | O35: =N35/$N$7 | P35: =F35-N35 | Q35: =N35/F35
A36: 35 | B36: 29 | C36: =[1]ΑΝΤΙΣΤΟΙΧΙΣΗ!F215 | D36: ='[1]2026_ΕΣΟΔΑ'!G30 | E36: =D36/$D$7 | F36: =D36+'[1]2026 Απρίλιος'!F36 | G36: =F36/$F$7 | I36: =H36/$H$7 | J36: =H36+'[1]2026 Απρίλιος'!J36 | K36: =J36/$J$7 | L36: ='[1]2024_60-69 ΕΞΟΔΑ+ΟΜ 2'!G142 | M36: =L36/$L$7 | N36: =L36+'[1]2026 Απρίλιος'!N36 | O36: =N36/$N$7 | P36: =F36-N36 | Q36: =N36/F36
A37: 36 | B37: 30 | C37: =[1]ΑΝΤΙΣΤΟΙΧΙΣΗ!F216 | D37: ='[1]2026_ΕΣΟΔΑ'!G31 | E37: =D37/$D$7 | F37: =D37+'[1]2026 Απρίλιος'!F37 | G37: =F37/$F$7 | I37: =H37/$H$7 | J37: =H37+'[1]2026 Απρίλιος'!J37 | K37: =J37/$J$7 | L37: ='[1]2024_60-69 ΕΞΟΔΑ+ΟΜ 2'!G143 | M37: =L37/$L$7 | N37: =L37+'[1]2026 Απρίλιος'!N37 | O37: =N37/$N$7 | P37: =F37-N37 | Q37: =N37/F37
A38: 37 | C38: ΣΥΝΟΛΟ ΕΣΟΔΩΝ ΜΗΝΟΣ | D38: ='[1]2026_ΕΣΟΔΑ'!G32 | F38: ='[1]2026_ΕΣΟΔΑ'!G34 | H38: =SUM(H8:H31) | J38: =SUM(J8:J31) | L38: =SUM(L8:L31) | N38: =SUM(N8:N31) | P38: =SUM(P8:P31)
A39: 38 | C39: Ελεγχος Ορθότητας ( πρέπει να είναι 0) | D39: =D7-D38 | F39: =F7-F38 | H39: =H7-H38 | J39: =J7-J38 | L39: =L7-L38 | N39: =N7-N38 | P39: =P7-P38
A40: 39 | C40: ΑΝΑΛΥΣΗ ΕΤΟΥΣ 2026 | D40: =[1]ΑΝΤΙΣΤΟΙΧΙΣΗ!$F$32 | H40: =[1]ΑΝΤΙΣΤΟΙΧΙΣΗ!$F$35 | L40: =[1]ΑΝΤΙΣΤΟΙΧΙΣΗ!$F$68 | P40: =[1]ΑΝΤΙΣΤΟΙΧΙΣΗ!$F$100
A41: 40 | C41: ΠΕΡΙΟΔΟΣ | D41: =[1]ΑΝΤΙΣΤΟΙΧΙΣΗ!$F$110 | G41: =[1]ΑΝΤΙΣΤΟΙΧΙΣΗ!$D$34 | H41: =[1]ΑΝΤΙΣΤΟΙΧΙΣΗ!$F$110 | K41: =[1]ΑΝΤΙΣΤΟΙΧΙΣΗ!$D$34 | L41: =[1]ΑΝΤΙΣΤΟΙΧΙΣΗ!$F$124 | O41: =[1]ΑΝΤΙΣΤΟΙΧΙΣΗ!$D$33
A42: 41 | B42: Β | C42: ΚΑΤΗΓΟΡΙΑ ΕΞΟΔΟΥ | E42: % Εξοδο Γραμμής /Σύν.Εξόδων μηνός | F42: Προοδ Σύν. Κατηγ. Εξόδων έως Σήμερα | G42: % Προοδ. Σύνολο Κατηγ. Εξ./ Προοδ. Σύνολο Εξόδων Έως σήμερα | H42: Αμ. Κόστ. Υπηρ. Μηνός | I42: % Εξοδο Γραμμής /Σύν.Εξόδων μηνός | J42: Προοδ Σύν. Κατηγ. Εξόδων έως Σήμερα | K42: % Προοδ. Σύνολο Κατηγ. Εξ./ Προοδ. Σύνολο Εξόδων Έως σήμερα | L42: Αμ. Κόστ. Υπηρ. Μηνός | M42: % Κατηγ.Εξ/Σύν.Αμ.Κο.Υπ.μηνός | N42: Προοδ Σύν. Κατηγ. Εξ έως Σήμερα | O42: % Προοδ. Σύν. Κατηγ. Εξ/ Προοδ. Σύνολο ΕΞόδων | P42: Προοδ. Διαφορά με Προηγ. Έτος ( Τρέχον Έτος - Προηγ. Έτος) | Q42: % Προοδ.Σύν Κατηγ. Εξ. Πρ. Έτους / Προοδ.Σύν.Εξ. Τρέχοντος Έτους
A43: 42 | B43: Α/Α | C43: Αμεσο Κόστος Υπηρεσιών | D43: =SUM(D44:D77) | F43: =SUM(F44:F77) | H43: =SUM(H44:H77) | J43: =SUM(J44:J77) | L43: =SUM(L44:L77) | N43: =SUM(N44:N77) | P43: =SUM(P44:P77)
A44: 43 | B44: 1 | C44: =[1]ΑΝΤΙΣΤΟΙΧΙΣΗ!I187 | D44: ='[1]2026_60-69 ΕΞΟΔΑ+ΟΜ 2'!H4 | E44: =D44/$D$43 | F44: =D44+'[1]2026 Απρίλιος'!F44 | G44: =F44/$F$43 | I44: =H44/$H$43 | K44: =J44/$J445 | L44: ='[1]2024_60-69 ΕΞΟΔΑ+ΟΜ 2'!H4 | M44: =L44/$L$43 | N44: =L44+'[1]2026 Απρίλιος'!N44 | O44: =N44/$N$43 | Q44: =SUM(Q45:Q80)
A45: 44 | B45: 2 | C45: =[1]ΑΝΤΙΣΤΟΙΧΙΣΗ!I188 | D45: ='[1]2026_60-69 ΕΞΟΔΑ+ΟΜ 2'!H5 | E45: =D45/$D$43 | F45: =D45+'[1]2026 Απρίλιος'!F45 | G45: =F45/$F$43 | I45: =H45/$H$43 | K45: =J45/$J446 | L45: ='[1]2024_60-69 ΕΞΟΔΑ+ΟΜ 2'!H5 | M45: =L45/$L$43 | N45: =L45+'[1]2026 Απρίλιος'!N45 | O45: =N45/$N$43 | Q45: =N45/F45
A46: 45 | B46: 3 | C46: =[1]ΑΝΤΙΣΤΟΙΧΙΣΗ!I189 | D46: ='[1]2026_60-69 ΕΞΟΔΑ+ΟΜ 2'!H6 | E46: =D46/$D$43 | F46: =D46+'[1]2026 Απρίλιος'!F46 | G46: =F46/$F$43 | I46: =H46/$H$43 | K46: =J46/$J447 | L46: ='[1]2024_60-69 ΕΞΟΔΑ+ΟΜ 2'!H6 | M46: =L46/$L$43 | N46: =L46+'[1]2026 Απρίλιος'!N46 | O46: =N46/$N$43 | Q46: =N46/F46
A47: 48 | B47: 6 | C47: =[1]ΑΝΤΙΣΤΟΙΧΙΣΗ!I190 | D47: ='[1]2026_60-69 ΕΞΟΔΑ+ΟΜ 2'!H7 | E47: =D49/$D$43 | F47: =D49+'[1]2026 Απρίλιος'!F47 | G47: =F49/$F$43 | I47: =H49/$H$43 | K47: =J49/$J448 | L47: ='[1]2024_60-69 ΕΞΟΔΑ+ΟΜ 2'!H7 | M47: =L49/$L$43 | N47: =L49+'[1]2026 Απρίλιος'!N47 | O47: =N49/$N$43 | Q47: =N49/F49
A48: 49 | B48: 7 | C48: =[1]ΑΝΤΙΣΤΟΙΧΙΣΗ!I191 | D48: ='[1]2026_60-69 ΕΞΟΔΑ+ΟΜ 2'!H8 | E48: =D50/$D$43 | F48: =D50+'[1]2026 Απρίλιος'!F48 | G48: =F50/$F$43 | I48: =H50/$H$43 | K48: =J50/$J449 | L48: ='[1]2024_60-69 ΕΞΟΔΑ+ΟΜ 2'!H8 | M48: =L50/$L$43 | N48: =L50+'[1]2026 Απρίλιος'!N48 | O48: =N50/$N$43 | Q48: =N50/F50
A49: 50 | B49: 8 | C49: =[1]ΑΝΤΙΣΤΟΙΧΙΣΗ!I192 | D49: ='[1]2026_60-69 ΕΞΟΔΑ+ΟΜ 2'!H9 | E49: =D51/$D$43 | F49: =D51+'[1]2026 Απρίλιος'!F49 | G49: =F51/$F$43 | I49: =H51/$H$43 | K49: =J51/$J450 | L49: ='[1]2024_60-69 ΕΞΟΔΑ+ΟΜ 2'!H9 | M49: =L51/$L$43 | N49: =L51+'[1]2026 Απρίλιος'!N49 | O49: =N51/$N$43 | Q49: =N51/F51
A50: 53 | B50: 11 | C50: =[1]ΑΝΤΙΣΤΟΙΧΙΣΗ!I193 | D50: ='[1]2026_60-69 ΕΞΟΔΑ+ΟΜ 2'!H10 | E50: =D54/$D$43 | F50: =D54+'[1]2026 Απρίλιος'!F50 | G50: =F54/$F$43 | I50: =H54/$H$43 | K50: =J54/$J451 | L50: ='[1]2024_60-69 ΕΞΟΔΑ+ΟΜ 2'!H10 | M50: =L54/$L$43 | N50: =L54+'[1]2026 Απρίλιος'!N50 | O50: =N54/$N$43 | Q50: =N54/F54
A51: 54 | B51: 12 | C51: =[1]ΑΝΤΙΣΤΟΙΧΙΣΗ!I194 | D51: ='[1]2026_60-69 ΕΞΟΔΑ+ΟΜ 2'!H11 | E51: =D55/$D$43 | F51: =D55+'[1]2026 Απρίλιος'!F51 | G51: =F55/$F$43 | I51: =H55/$H$43 | K51: =J55/$J452 | L51: ='[1]2024_60-69 ΕΞΟΔΑ+ΟΜ 2'!H11 | M51: =L55/$L$43 | N51: =L55+'[1]2026 Απρίλιος'!N51 | O51: =N55/$N$43 | Q51: =N55/F55
A52: 55 | B52: 13 | C52: =[1]ΑΝΤΙΣΤΟΙΧΙΣΗ!I195 | D52: ='[1]2026_60-69 ΕΞΟΔΑ+ΟΜ 2'!H12 | E52: =D56/$D$43 | F52: =D56+'[1]2026 Απρίλιος'!F52 | G52: =F56/$F$43 | I52: =H56/$H$43 | K52: =J56/$J453 | L52: ='[1]2024_60-69 ΕΞΟΔΑ+ΟΜ 2'!H12 | M52: =L56/$L$43 | N52: =L56+'[1]2026 Απρίλιος'!N52 | O52: =N56/$N$43 | Q52: =N56/F56
A53: 56 | B53: 14 | C53: =[1]ΑΝΤΙΣΤΟΙΧΙΣΗ!I196 | D53: ='[1]2026_60-69 ΕΞΟΔΑ+ΟΜ 2'!H13 | E53: =D57/$D$43 | F53: =D57+'[1]2026 Απρίλιος'!F53 | G53: =F57/$F$43 | I53: =H57/$H$43 | K53: =J57/$J454 | L53: ='[1]2024_60-69 ΕΞΟΔΑ+ΟΜ 2'!H13 | M53: =L57/$L$43 | N53: =L57+'[1]2026 Απρίλιος'!N53 | O53: =N57/$N$43 | Q53: =N57/F57
A54: 57 | B54: 15 | C54: =[1]ΑΝΤΙΣΤΟΙΧΙΣΗ!I197 | D54: ='[1]2026_60-69 ΕΞΟΔΑ+ΟΜ 2'!H14 | E54: =D58/$D$43 | F54: =D58+'[1]2026 Απρίλιος'!F54 | G54: =F58/$F$43 | I54: =H58/$H$43 | K54: =J58/$J455 | L54: ='[1]2024_60-69 ΕΞΟΔΑ+ΟΜ 2'!H14 | M54: =L58/$L$43 | N54: =L58+'[1]2026 Απρίλιος'!N54 | O54: =N58/$N$43 | Q54: =N58/F58
A55: 58 | B55: 16 | C55: =[1]ΑΝΤΙΣΤΟΙΧΙΣΗ!I198 | D55: ='[1]2026_60-69 ΕΞΟΔΑ+ΟΜ 2'!H15 | E55: =D59/$D$43 | F55: =D59+'[1]2026 Απρίλιος'!F55 | G55: =F59/$F$43 | I55: =H59/$H$43 | K55: =J59/$J456 | L55: ='[1]2024_60-69 ΕΞΟΔΑ+ΟΜ 2'!H15 | M55: =L59/$L$43 | N55: =L59+'[1]2026 Απρίλιος'!N55 | O55: =N59/$N$43 | Q55: =N59/F59
A56: 59 | B56: 17 | C56: =[1]ΑΝΤΙΣΤΟΙΧΙΣΗ!I199 | D56: ='[1]2026_60-69 ΕΞΟΔΑ+ΟΜ 2'!H16 | E56: =D60/$D$43 | F56: =D60+'[1]2026 Απρίλιος'!F56 | G56: =F60/$F$43 | I56: =H60/$H$43 | K56: =J60/$J457 | L56: ='[1]2024_60-69 ΕΞΟΔΑ+ΟΜ 2'!H16 | M56: =L60/$L$43 | N56: =L60+'[1]2026 Απρίλιος'!N56 | O56: =N60/$N$43
A57: 60 | B57: 18 | C57: =[1]ΑΝΤΙΣΤΟΙΧΙΣΗ!I200 | D57: ='[1]2026_60-69 ΕΞΟΔΑ+ΟΜ 2'!H17 | E57: =D61/$D$43 | F57: =D61+'[1]2026 Απρίλιος'!F57 | G57: =F61/$F$43 | I57: =H61/$H$43 | K57: =J61/$J458 | L57: ='[1]2024_60-69 ΕΞΟΔΑ+ΟΜ 2'!H17 | M57: =L61/$L$43 | N57: =L61+'[1]2026 Απρίλιος'!N57 | O57: =N61/$N$43 | Q57: =N61/F61
A58: 61 | B58: 19 | C58: =[1]ΑΝΤΙΣΤΟΙΧΙΣΗ!I201 | D58: ='[1]2026_60-69 ΕΞΟΔΑ+ΟΜ 2'!H18 | E58: =D62/$D$43 | F58: =D62+'[1]2026 Απρίλιος'!F58 | G58: =F62/$F$43 | I58: =H62/$H$43 | K58: =J62/$J459 | L58: ='[1]2024_60-69 ΕΞΟΔΑ+ΟΜ 2'!H18 | M58: =L62/$L$43 | N58: =L62+'[1]2026 Απρίλιος'!N58 | O58: =N62/$N$43 | Q58: =N62/F62
A59: 62 | B59: 20 | C59: =[1]ΑΝΤΙΣΤΟΙΧΙΣΗ!I202 | D59: ='[1]2026_60-69 ΕΞΟΔΑ+ΟΜ 2'!H19 | E59: =D63/$D$43 | F59: =D63+'[1]2026 Απρίλιος'!F59 | G59: =F63/$F$43 | I59: =H63/$H$43 | K59: =J63/$J460 | L59: ='[1]2024_60-69 ΕΞΟΔΑ+ΟΜ 2'!H19 | M59: =L63/$L$43 | N59: =L63+'[1]2026 Απρίλιος'!N59 | O59: =N63/$N$43 | Q59: =N63/F63
A60: 63 | B60: 21 | C60: =[1]ΑΝΤΙΣΤΟΙΧΙΣΗ!I203 | D60: ='[1]2026_60-69 ΕΞΟΔΑ+ΟΜ 2'!H20 | E60: =D64/$D$43 | F60: =D64+'[1]2026 Απρίλιος'!F60 | G60: =F64/$F$43 | I60: =H64/$H$43 | K60: =J64/$J461 | L60: ='[1]2024_60-69 ΕΞΟΔΑ+ΟΜ 2'!H20 | M60: =L64/$L$43 | N60: =L64+'[1]2026 Απρίλιος'!N60 | O60: =N64/$N$43 | Q60: =N64/F64
A61: 64 | B61: 22 | C61: =[1]ΑΝΤΙΣΤΟΙΧΙΣΗ!I204 | D61: ='[1]2026_60-69 ΕΞΟΔΑ+ΟΜ 2'!H21 | E61: =D65/$D$43 | F61: =D65+'[1]2026 Απρίλιος'!F61 | G61: =F65/$F$43 | I61: =H65/$H$43 | K61: =J65/$J462 | L61: ='[1]2024_60-69 ΕΞΟΔΑ+ΟΜ 2'!H21 | M61: =L65/$L$43 | N61: =L65+'[1]2026 Απρίλιος'!N61 | O61: =N65/$N$43 | Q61: =N65/F65
A62: 65 | B62: 23 | C62: =[1]ΑΝΤΙΣΤΟΙΧΙΣΗ!I205 | D62: ='[1]2026_60-69 ΕΞΟΔΑ+ΟΜ 2'!H22 | E62: =D66/$D$43 | F62: =D66+'[1]2026 Απρίλιος'!F62 | G62: =F66/$F$43 | I62: =H66/$H$43 | K62: =J66/$J463 | L62: ='[1]2024_60-69 ΕΞΟΔΑ+ΟΜ 2'!H22 | M62: =L66/$L$43 | N62: =L66+'[1]2026 Απρίλιος'!N62 | O62: =N66/$N$43 | Q62: =N66/F66
A63: 66 | B63: 24 | C63: =[1]ΑΝΤΙΣΤΟΙΧΙΣΗ!I206 | D63: ='[1]2026_60-69 ΕΞΟΔΑ+ΟΜ 2'!H23 | E63: =D67/$D$43 | F63: =D67+'[1]2026 Απρίλιος'!F63 | G63: =F67/$F$43 | I63: =H67/$H$43 | K63: =J67/$J464 | L63: ='[1]2024_60-69 ΕΞΟΔΑ+ΟΜ 2'!H23 | M63: =L67/$L$43 | N63: =L67+'[1]2026 Απρίλιος'!N63 | O63: =N67/$N$43 | Q63: =N67/F67
A64: 67 | B64: 25 | C64: =[1]ΑΝΤΙΣΤΟΙΧΙΣΗ!I207 | D64: ='[1]2026_60-69 ΕΞΟΔΑ+ΟΜ 2'!H24 | E64: =D68/$D$43 | F64: =D68+'[1]2026 Απρίλιος'!F64 | G64: =F68/$F$43 | I64: =H68/$H$43 | K64: =J68/$J465 | L64: ='[1]2024_60-69 ΕΞΟΔΑ+ΟΜ 2'!H24 | M64: =L68/$L$43 | N64: =L68+'[1]2026 Απρίλιος'!N64 | O64: =N68/$N$43 | Q64: =N68/F68
A65: 68 | B65: 26 | C65: =[1]ΑΝΤΙΣΤΟΙΧΙΣΗ!I208 | D65: ='[1]2026_60-69 ΕΞΟΔΑ+ΟΜ 2'!H25 | E65: =D69/$D$43 | F65: =D69+'[1]2026 Απρίλιος'!F65 | G65: =F69/$F$43 | I65: =H69/$H$43 | K65: =J69/$J466 | L65: ='[1]2024_60-69 ΕΞΟΔΑ+ΟΜ 2'!H25 | M65: =L69/$L$43 | N65: =L69+'[1]2026 Απρίλιος'!N65 | O65: =N69/$N$43 | Q65: =N69/F69
A66: 69 | B66: 27 | C66: =[1]ΑΝΤΙΣΤΟΙΧΙΣΗ!I209 | D66: ='[1]2026_60-69 ΕΞΟΔΑ+ΟΜ 2'!H26 | E66: =D70/$D$43 | F66: =D70+'[1]2026 Απρίλιος'!F66 | G66: =F70/$F$43 | I66: =H70/$H$43 | K66: =J70/$J467 | L66: ='[1]2024_60-69 ΕΞΟΔΑ+ΟΜ 2'!H26 | M66: =L70/$L$43 | N66: =L70+'[1]2026 Απρίλιος'!N66 | O66: =N70/$N$43 | Q66: =N70/F70
A67: 70 | B67: 28 | C67: =[1]ΑΝΤΙΣΤΟΙΧΙΣΗ!I210 | D67: ='[1]2026_60-69 ΕΞΟΔΑ+ΟΜ 2'!H27 | E67: =D71/$D$43 | F67: =D71+'[1]2026 Απρίλιος'!F67 | G67: =F71/$F$43 | I67: =H71/$H$43 | K67: =J71/$J468 | L67: ='[1]2024_60-69 ΕΞΟΔΑ+ΟΜ 2'!H27 | M67: =L71/$L$43 | N67: =L71+'[1]2026 Απρίλιος'!N67 | O67: =N71/$N$43 | Q67: =N71/F71
A68: 71 | B68: 29 | C68: =[1]ΑΝΤΙΣΤΟΙΧΙΣΗ!I211 | D68: ='[1]2026_60-69 ΕΞΟΔΑ+ΟΜ 2'!H28 | E68: =D72/$D$43 | F68: =D72+'[1]2026 Απρίλιος'!F68 | G68: =F72/$F$43 | I68: =H72/$H$43 | K68: =J72/$J469 | L68: ='[1]2024_60-69 ΕΞΟΔΑ+ΟΜ 2'!H28 | M68: =L72/$L$43 | N68: =L72+'[1]2026 Απρίλιος'!N68 | O68: =N72/$N$43 | Q68: =N72/F72
A69: 72 | B69: 30 | C69: =[1]ΑΝΤΙΣΤΟΙΧΙΣΗ!I212 | D69: ='[1]2026_60-69 ΕΞΟΔΑ+ΟΜ 2'!H29 | E69: =D73/$D$43 | F69: =D73+'[1]2026 Απρίλιος'!F69 | G69: =F73/$F$43 | I69: =H73/$H$43 | K69: =J73/$J470 | L69: ='[1]2024_60-69 ΕΞΟΔΑ+ΟΜ 2'!H29 | M69: =L73/$L$43 | N69: =L73+'[1]2026 Απρίλιος'!N69 | O69: =N73/$N$43 | Q69: =N73/F73
A70: 73 | B70: 31 | C70: =[1]ΑΝΤΙΣΤΟΙΧΙΣΗ!I213 | D70: 0 | E70: =D74/$D$43 | F70: =D74+'[1]2026 Απρίλιος'!F70 | G70: =F74/$F$43 | I70: =H74/$H$43 | K70: =J74/$J471 | L70: ='[1]2024_60-69 ΕΞΟΔΑ+ΟΜ 2'!H30 | M70: =L74/$L$43 | N70: =L74+'[1]2026 Απρίλιος'!N70 | O70: =N74/$N$43 | Q70: =N74/F74
A71: 74 | B71: 32 | C71: =[1]ΑΝΤΙΣΤΟΙΧΙΣΗ!I214 | D71: ='[1]2026_60-69 ΕΞΟΔΑ+ΟΜ 2'!H31 | E71: =D75/$D$43 | F71: =D75+'[1]2026 Απρίλιος'!F71 | G71: =F75/$F$43 | I71: =H75/$H$43 | K71: =J75/$J472 | L71: ='[1]2024_60-69 ΕΞΟΔΑ+ΟΜ 2'!H31 | M71: =L75/$L$43 | N71: =L75+'[1]2026 Απρίλιος'!N71 | O71: =N75/$N$43 | Q71: =N75/F75
A72: 75 | B72: 33 | C72: =[1]ΑΝΤΙΣΤΟΙΧΙΣΗ!I215 | D72: ='[1]2026_60-69 ΕΞΟΔΑ+ΟΜ 2'!H32 | E72: =D76/$D$43 | F72: =D76+'[1]2026 Απρίλιος'!F72 | G72: =F76/$F$43 | I72: =H76/$H$43 | K72: =J76/$J473 | L72: ='[1]2024_60-69 ΕΞΟΔΑ+ΟΜ 2'!H32 | M72: =L76/$L$43 | N72: =L76+'[1]2026 Απρίλιος'!N72 | O72: =N76/$N$43 | Q72: =N76/F76
A73: 76 | B73: 34 | C73: =[1]ΑΝΤΙΣΤΟΙΧΙΣΗ!I216 | D73: ='[1]2026_60-69 ΕΞΟΔΑ+ΟΜ 2'!H33 | E73: =D77/$D$43 | F73: =D77+'[1]2026 Απρίλιος'!F73 | G73: =F77/$F$43 | I73: =H77/$H$43 | K73: =J77/$J474 | L73: ='[1]2024_60-69 ΕΞΟΔΑ+ΟΜ 2'!H33 | M73: =L77/$L$43 | N73: =L77+'[1]2026 Απρίλιος'!N73 | O73: =N77/$N$43 | Q73: =N77/F77
A74: 77 | C74: ΣΥΝΟΛΟ ΑΜΕΣΟΥ ΚΟΣΤΟΥΣ | D74: ='[1]2026_60-69 ΕΞΟΔΑ+ΟΜ 2'!H3 | F74: =D78+'[1]2026 Απρίλιος'!F74 | H74: =SUM(H44:H77) | J74: =SUM(J44:J77) | L74: =SUM(L44:L77) | N74: =SUM(N44:N77) | P74: =SUM(P44:P77)
A75: 78 | C75: Ελεγχος Ορθότητας ( πρέπει να είναι 0) | D75: =D43-D78 | F75: =F43-F78 | H75: =H43-H78 | J75: =J43-J78 | L75: =L43-L78 | N75: =N43-N78 | P75: =P43-P78
A76: 79 | C76: Μεικτό περιθώριο Κέρδους | D76: =D38-D78 | F76: =F38-F78 | H76: =H38-H78 | I76: =H80/$I$39 | J76: =J38-J78 | L76: =L38-L78 | N76: =N38-N78 | P76: =P38-P78
A77: 80 | C77: ΑΝΑΛΥΣΗ ΕΤΟΥΣ 2026 | D77: =[1]ΑΝΤΙΣΤΟΙΧΙΣΗ!$F$32 | H77: =[1]ΑΝΤΙΣΤΟΙΧΙΣΗ!$F$35 | L77: =[1]ΑΝΤΙΣΤΟΙΧΙΣΗ!$F$68 | P77: =[1]ΑΝΤΙΣΤΟΙΧΙΣΗ!$F$100
A78: 81 | C78: ΕΙΔΟΣ ΕΣΟΔΩΝ | D78: =[1]ΑΝΤΙΣΤΟΙΧΙΣΗ!$F$110 | G78: =[1]ΑΝΤΙΣΤΟΙΧΙΣΗ!$D$34 | H78: =[1]ΑΝΤΙΣΤΟΙΧΙΣΗ!$F$110 | K78: =[1]ΑΝΤΙΣΤΟΙΧΙΣΗ!$D$34 | L78: =[1]ΑΝΤΙΣΤΟΙΧΙΣΗ!$F$124 | O78: =[1]ΑΝΤΙΣΤΟΙΧΙΣΗ!$D$33
A79: 82 | B79: Γ | C79: Κατηγορία Εξόδου | D79: Ποσά | E79: % Κατηγ.Εξ/Σύν.Κδιάθ.μηνός | F79: Προοδευτικό Σύνολο Κατηγ. Εξόδων έως Σήμερα | G79: % Προοδ. Σύν. Κατηγ. Εξ/ Προοδ. Σύνολο Εξόδων | H79: Εξοδα Μηνός | I79: % Κατηγ.Εξ/Σύν.Κδιά .μηνός | J79: Προοδευτικό Σύνολο Κατηγ. Εξόδων έως Σήμερα | K79: % Προοδ. Σύν. Κατηγ. Εξ/ Προοδ. Σύνολο Εξόδων | L79: Εξοδα Μηνός | M79: % Κατηγ.Εξ/Σύν.Κδιά .μηνός | N79: Προοδευτικό Σύνολο Κατηγ. Εξόδων έως Σήμερα | O79: % Προοδ. Σύν. Κατηγ. Εξ/ Προοδ. Σύνολο Εξόδων | P79: Προοδ. Διαφορά με Προηγ. Έτος ( Τρέχον Έτος - Προηγ. Έτος) | Q79: % Προοδ.Σύνολο Κατηγ. Εσ. Πρ. Έτους / Προοδ.Σύν.Εσ. Τρέχοντος Έτους
A80: 83 | B80: Α/Α | C80: ΚΟΣΤΟΣ Sales - Marketing | D80: =SUM(D47:D110) | F80: =SUM(F47:F110) | H80: =SUM(H47:H110) | J80: =SUM(J47:J110) | L80: =SUM(L47:L110) | N80: =SUM(N47:N110) | P80: =SUM(P47:P110)
A81: 84 | B81: 1 | C81: =[1]ΑΝΤΙΣΤΟΙΧΙΣΗ!L189 | D81: ='[1]2026_60-69 ΕΞΟΔΑ+ΟΜ 2'!H39 | L81: ='[1]2024_60-69 ΕΞΟΔΑ+ΟΜ 2'!H37
A82: 85 | B82: 2 | C82: =[1]ΑΝΤΙΣΤΟΙΧΙΣΗ!L190 | D82: ='[1]2026_60-69 ΕΞΟΔΑ+ΟΜ 2'!H40 | G82: =F86/$F$84 | K82: =J86/$J$84 | L82: ='[1]2024_60-69 ΕΞΟΔΑ+ΟΜ 2'!H38 | O82: =N86/$N$84
A83: 86 | B83: 3 | C83: =[1]ΑΝΤΙΣΤΟΙΧΙΣΗ!L193 | D83: ='[1]2026_60-69 ΕΞΟΔΑ+ΟΜ 2'!H43 | E83: =D87/$D$84 | F83: =D87+'[1]2026 Απρίλιος'!F87 | G83: =F87/$F$84 | I83: =H87/$H$84 | K83: =J87/$J$84 | L83: ='[1]2024_60-69 ΕΞΟΔΑ+ΟΜ 2'!H41 | M83: =L87/$L$84 | N83: =L87+'[1]2026 Απρίλιος'!N87 | O83: =N87/$N$84 | Q83: =SUM(D87:P87)
A84: 87 | B84: 4 | C84: =[1]ΑΝΤΙΣΤΟΙΧΙΣΗ!L194 | D84: ='[1]2026_60-69 ΕΞΟΔΑ+ΟΜ 2'!H44 | E84: =D88/$D$84 | F84: =D88+'[1]2026 Απρίλιος'!F88 | G84: =F88/$F$84 | I84: =H88/$H$84 | K84: =J88/$J$84 | L84: ='[1]2024_60-69 ΕΞΟΔΑ+ΟΜ 2'!H42 | M84: =L88/$L$84 | N84: =L88+'[1]2026 Απρίλιος'!N88 | O84: =N88/$N$84 | Q84: =SUM(D88:P88)
A85: 88 | B85: 5 | C85: =[1]ΑΝΤΙΣΤΟΙΧΙΣΗ!L195 | D85: ='[1]2026_60-69 ΕΞΟΔΑ+ΟΜ 2'!H45 | E85: =D89/$D$84 | F85: =D89+'[1]2026 Απρίλιος'!F89 | G85: =F89/$F$84 | I85: =H89/$H$84 | K85: =J89/$J$84 | L85: ='[1]2024_60-69 ΕΞΟΔΑ+ΟΜ 2'!H43 | M85: =L89/$L$84 | N85: =L89+'[1]2026 Απρίλιος'!N89 | O85: =N89/$N$84 | Q85: =SUM(D89:P89)
A86: 89 | B86: 6 | C86: =[1]ΑΝΤΙΣΤΟΙΧΙΣΗ!L196 | D86: ='[1]2026_60-69 ΕΞΟΔΑ+ΟΜ 2'!H46 | E86: =D90/$D$84 | F86: =D90+'[1]2026 Απρίλιος'!F90 | G86: =F90/$F$84 | I86: =H90/$H$84 | K86: =J90/$J$84 | L86: ='[1]2024_60-69 ΕΞΟΔΑ+ΟΜ 2'!H44 | M86: =L90/$L$84 | N86: =L90+'[1]2026 Απρίλιος'!N90 | O86: =N90/$N$84 | Q86: =SUM(D90:P90)
A87: 90 | B87: 7 | C87: =[1]ΑΝΤΙΣΤΟΙΧΙΣΗ!L197 | D87: ='[1]2026_60-69 ΕΞΟΔΑ+ΟΜ 2'!H47 | E87: =D91/$D$84 | F87: =D91+'[1]2026 Απρίλιος'!F91 | G87: =F91/$F$84 | I87: =H91/$H$84 | K87: =J91/$J$84 | L87: ='[1]2024_60-69 ΕΞΟΔΑ+ΟΜ 2'!H45 | M87: =L91/$L$84 | N87: =L91+'[1]2026 Απρίλιος'!N91 | O87: =N91/$N$84 | Q87: =SUM(D91:P91)
A88: 91 | B88: 8 | C88: =[1]ΑΝΤΙΣΤΟΙΧΙΣΗ!L198 | D88: ='[1]2026_60-69 ΕΞΟΔΑ+ΟΜ 2'!H48 | E88: =D92/$D$84 | F88: =D92+'[1]2026 Απρίλιος'!F92 | G88: =F92/$F$84 | I88: =H92/$H$84 | K88: =J92/$J$84 | L88: ='[1]2024_60-69 ΕΞΟΔΑ+ΟΜ 2'!H46 | M88: =L92/$L$84 | N88: =L92+'[1]2026 Απρίλιος'!N92 | O88: =N92/$N$84 | Q88: =SUM(D92:P92)
A89: 92 | B89: 9 | C89: =[1]ΑΝΤΙΣΤΟΙΧΙΣΗ!L199 | D89: ='[1]2026_60-69 ΕΞΟΔΑ+ΟΜ 2'!H49 | E89: =D93/$D$84 | F89: =D93+'[1]2026 Απρίλιος'!F93 | G89: =F93/$F$84 | I89: =H93/$H$84 | K89: =J93/$J$84 | L89: ='[1]2024_60-69 ΕΞΟΔΑ+ΟΜ 2'!H47 | M89: =L93/$L$84 | N89: =L93+'[1]2026 Απρίλιος'!N93 | O89: =N93/$N$84 | Q89: =SUM(D93:P93)
A90: 93 | B90: 10 | C90: =[1]ΑΝΤΙΣΤΟΙΧΙΣΗ!L200 | D90: ='[1]2026_60-69 ΕΞΟΔΑ+ΟΜ 2'!H50 | E90: =D94/$D$84 | F90: =D94+'[1]2026 Απρίλιος'!F94 | G90: =F94/$F$84 | I90: =H94/$H$84 | K90: =J94/$J$84 | L90: ='[1]2024_60-69 ΕΞΟΔΑ+ΟΜ 2'!H48 | M90: =L94/$L$84 | N90: =L94+'[1]2026 Απρίλιος'!N94 | O90: =N94/$N$84 | Q90: =SUM(D94:P94)
A91: 94 | B91: 11 | C91: =[1]ΑΝΤΙΣΤΟΙΧΙΣΗ!L201 | D91: ='[1]2026_60-69 ΕΞΟΔΑ+ΟΜ 2'!H51 | E91: =D95/$D$84 | F91: =D95+'[1]2026 Απρίλιος'!F95 | G91: =F95/$F$84 | I91: =H95/$H$84 | K91: =J95/$J$84 | L91: ='[1]2024_60-69 ΕΞΟΔΑ+ΟΜ 2'!H49 | M91: =L95/$L$84 | N91: =L95+'[1]2026 Απρίλιος'!N95 | O91: =N95/$N$84 | Q91: =SUM(D95:P95)
A92: 95 | B92: 12 | C92: =[1]ΑΝΤΙΣΤΟΙΧΙΣΗ!L202 | D92: ='[1]2026_60-69 ΕΞΟΔΑ+ΟΜ 2'!H52 | E92: =D96/$D$84 | F92: =D96+'[1]2026 Απρίλιος'!F96 | G92: =F96/$F$84 | I92: =H96/$H$84 | K92: =J96/$J$84 | L92: ='[1]2024_60-69 ΕΞΟΔΑ+ΟΜ 2'!H50 | M92: =L96/$L$84 | N92: =L96+'[1]2026 Απρίλιος'!N96 | O92: =N96/$N$84 | Q92: =SUM(D96:P96)
A93: 96 | B93: 13 | C93: =[1]ΑΝΤΙΣΤΟΙΧΙΣΗ!L203 | D93: ='[1]2026_60-69 ΕΞΟΔΑ+ΟΜ 2'!H53 | E93: =D97/$D$84 | F93: =D97+'[1]2026 Απρίλιος'!F97 | G93: =F97/$F$84 | I93: =H97/$H$84 | K93: =J97/$J$84 | L93: ='[1]2024_60-69 ΕΞΟΔΑ+ΟΜ 2'!H51 | M93: =L97/$L$84 | N93: =L97+'[1]2026 Απρίλιος'!N97 | O93: =N97/$N$84 | Q93: =SUM(D97:P97)
A94: 97 | B94: 14 | C94: =[1]ΑΝΤΙΣΤΟΙΧΙΣΗ!L204 | D94: ='[1]2026_60-69 ΕΞΟΔΑ+ΟΜ 2'!H54 | E94: =D98/$D$84 | F94: =D98+'[1]2026 Απρίλιος'!F98 | G94: =F98/$F$84 | I94: =H98/$H$84 | K94: =J98/$J$84 | L94: ='[1]2024_60-69 ΕΞΟΔΑ+ΟΜ 2'!H52 | M94: =L98/$L$84 | N94: =L98+'[1]2026 Απρίλιος'!N98 | O94: =N98/$N$84 | Q94: =SUM(D98:P98)
... A101: 104 | B101: 21 | C101: =[1]ΑΝΤΙΣΤΟΙΧΙΣΗ!L211 | D101: ='[1]2026_60-69 ΕΞΟΔΑ+ΟΜ 2'!H61 | E101: =D105/$D$84 | F101: =D105+'[1]2026 Απρίλιος'!F105 | G101: =F105/$F$84 | I101: =H105/$H$84 | K101: =J105/$J$84 | L101: ='[1]2024_60-69 ΕΞΟΔΑ+ΟΜ 2'!H59 | M101: =L105/$L$84 | N101: =L105+'[1]2026 Απρίλιος'!N105 | O101: =N105/$N$84 | Q101: =SUM(D105:P105)
A102: 105 | B102: 22 | C102: =[1]ΑΝΤΙΣΤΟΙΧΙΣΗ!L212 | I102: =H106/$H$84 | K102: =J106/$J$84 | L102: ='[1]2024_60-69 ΕΞΟΔΑ+ΟΜ 2'!H60 | M102: =L106/$L$84 | N102: =L106+'[1]2026 Απρίλιος'!N106 | O102: =N106/$N$84 | Q102: =SUM(D106:P106)
A103: 106 | B103: 23 | C103: =[1]ΑΝΤΙΣΤΟΙΧΙΣΗ!L213 | L103: ='[1]2024_60-69 ΕΞΟΔΑ+ΟΜ 2'!H61
A104: 107 | B104: 24 | C104: =[1]ΑΝΤΙΣΤΟΙΧΙΣΗ!L214
A105: 108 | B105: 25 | C105: =[1]ΑΝΤΙΣΤΟΙΧΙΣΗ!L215
A106: 109 | B106: 26 | C106: =[1]ΑΝΤΙΣΤΟΙΧΙΣΗ!L216
A107: 110 | C107: ΣΥΝΟΛΟ ΚΟΣΤΟΥΣ Sales-Marketing ΜΗΝΟΣ | D107: ='[1]2026_60-69 ΕΞΟΔΑ+ΟΜ 2'!H36 | F107: =D111+'[1]2026 Απρίλιος'!F111 | H107: =SUM(H47:H110) | J107: =SUM(J47:J110) | L107: =SUM(L47:L110) | N107: =SUM(N47:N110) | P107: =SUM(P47:P110)
A108: 111 | C108: Ελεγχος Ορθότητας ( πρέπει να είναι 0) | D108: =D84-D111 | F108: =F84-F111 | H108: =H84-H111 | J108: =J84-J111 | L108: =L84-L111 | N108: =N84-N111 | P108: =P84-P111
A109: 112 | C109: ΑΝΑΛΥΣΗ ΕΤΟΥΣ 2026 | D109: =[1]ΑΝΤΙΣΤΟΙΧΙΣΗ!$F$32 | H109: =[1]ΑΝΤΙΣΤΟΙΧΙΣΗ!$F$35 | L109: =[1]ΑΝΤΙΣΤΟΙΧΙΣΗ!$F$68 | P109: =[1]ΑΝΤΙΣΤΟΙΧΙΣΗ!$F$100
...

Sheet 2026 Ιούνιος
A1: ΑΝΑΛΥΣΗ ΑΠΟΤΕΛΕΣΜΑΤΟΣ ΜΗΝΟΣ
A2: 1 | C2: ΑΝΑΛΥΣΗ ΕΤΟΥΣ 2026 | D2: =[1]ΑΝΤΙΣΤΟΙΧΙΣΗ!$F$32 | H2: =[1]ΑΝΤΙΣΤΟΙΧΙΣΗ!$F$35 | L2: =[1]ΑΝΤΙΣΤΟΙΧΙΣΗ!$F$68 | P2: =[1]ΑΝΤΙΣΤΟΙΧΙΣΗ!$F$100
A3: 2 | C3: ΕΙΔΟΣ ΕΣΟΔΩΝ | D3: =[1]ΑΝΤΙΣΤΟΙΧΙΣΗ!$F$111 | G3: =[1]ΑΝΤΙΣΤΟΙΧΙΣΗ!$D$34 | H3: =[1]ΑΝΤΙΣΤΟΙΧΙΣΗ!$F$111 | K3: =[1]ΑΝΤΙΣΤΟΙΧΙΣΗ!$D$34 | L3: =[1]ΑΝΤΙΣΤΟΙΧΙΣΗ!$F$125 | O3: =[1]ΑΝΤΙΣΤΟΙΧΙΣΗ!$D$33
A4: 3 | B4: Α | C4: Κατηγορία Εσόδου | D4: Εσοδο Μηνός | E4: % Εσοδο Γραμμής/Σύν.Εσ.Μηνός | F4: Προοδευτικό Σύνολο Εσόδων έως σήμερα | G4: % Προοδ.Σύνολο Κατηγ. Εσ. /Προοδ.Σύν.Εσ. Έως σήμερα | H4: Εσοδο Μηνός | I4: % Εσοδο Γραμμής /Σύν.Εσ.Μηνός | J4: Προοδευτικό έως σήμερα | K4: % Προοδ.Σύνολο Κατηγ. Εσ. /Προοδ.Σύν.Εσ. Έως σήμερα | L4: Εσοδο Μηνός 2024 | M4: % Εσοδο Γραμμής/Σύν.Εσ.Μηνός | N4: Προοδευτικό Σύνολο Εσόδων έως Τρέχοντα μήνα | O4: % Προοδ.Σύνολο Κατηγ. Εσ. /Προοδ.Σύν.Εσ. Έως σήμερα | P4: Προοδ. Διαφορά Συν. Πραγμ.Τρ. Έτους - Αντιστ. Προοδ. Σύν. Πραγμ. Προηγ. Έτους | Q4: % Προοδ. Διαφορά Κατηγ. Εσ. / Προοδ.Σύν.Προυπ. Εσ. Τρέχοντος Έτους
A5: 4 | C5: Λογιστικό Αποτέλεσμα μηνός | D5: =D7-D6 | F5: =F7-F6 | H5: =H159-H6 | J5: =J159-J6 | L5: =L7-L6 | N5: =N7-N6 | P5: =P159-P6
A6: 5 | C6: Σύνολο Εξόδων Μηνός | D6: =D43+D84+D116 | F6: =F78+F111+F157 | H6: =H38-H43-H84 | J6: =J38-J43-J84 | L6: =L43+L84+L116 | N6: =N78+N111+N157 | P6: =P38-P43-P84
A7: 6 | B7: Α/Α | C7: Σύνολο Εσόδων Μηνός | D7: =SUM(D8:D31) | F7: =SUM(F8:F31) | H7: =SUM(H8:H31) | J7: =SUM(J8:J31) | L7: =SUM(L8:L31) | N7: =L7+'[1]2026 Μάιος'!N7 | P7: =SUM(P8:P31)
A8: 7 | B8: 1 | C8: =[1]ΑΝΤΙΣΤΟΙΧΙΣΗ!F187 | D8: ='[1]2026_ΕΣΟΔΑ'!H2 | E8: =D8/$D$7 | F8: =D8+'[1]2026 Μάιος'!F8 | G8: =F8/$F$7 | I8: =H8/$H$7 | J8: =H8+'[1]2026 Μάιος'!J8 | K8: =J8/$J$7 | L8: ='[1]2024_60-69 ΕΞΟΔΑ+ΟΜ 2'!H114 | M8: =L8/$L$7 | N8: =L8+'[1]2026 Μάιος'!N8 | O8: =N8/$N$7 | P8: =F8-N8 | Q8: =N8/F8
A9: 8 | B9: 2 | C9: =[1]ΑΝΤΙΣΤΟΙΧΙΣΗ!F188 | D9: ='[1]2026_ΕΣΟΔΑ'!H3 | E9: =D9/$D$7 | F9: =D9+'[1]2026 Μάιος'!F9 | G9: =F9/$F$7 | I9: =H9/$H$7 | J9: =H9+'[1]2026 Μάιος'!J9 | K9: =J9/$J$7 | L9: ='[1]2024_60-69 ΕΞΟΔΑ+ΟΜ 2'!H115 | M9: =L9/$L$7 | N9: =L9+'[1]2026 Μάιος'!N9 | O9: =N9/$N$7 | P9: =F9-N9 | Q9: =N9/F9
A10: 9 | B10: 3 | C10: =[1]ΑΝΤΙΣΤΟΙΧΙΣΗ!F189 | D10: ='[1]2026_ΕΣΟΔΑ'!H4 | E10: =D10/$D$7 | F10: =D10+'[1]2026 Μάιος'!F10 | G10: =F10/$F$7 | I10: =H10/$H$7 | J10: =H10+'[1]2026 Μάιος'!J10 | K10: =J10/$J$7 | L10: ='[1]2024_60-69 ΕΞΟΔΑ+ΟΜ 2'!H116 | M10: =L10/$L$7 | N10: =L10+'[1]2026 Μάιος'!N10 | O10: =N10/$N$7 | P10: =F10-N10 | Q10: =N10/F10
A11: 10 | B11: 4 | C11: =[1]ΑΝΤΙΣΤΟΙΧΙΣΗ!F190 | D11: ='[1]2026_ΕΣΟΔΑ'!H5 | E11: =D11/$D$7 | F11: =D11+'[1]2026 Μάιος'!F11 | G11: =F11/$F$7 | I11: =H11/$H$7 | J11: =H11+'[1]2026 Μάιος'!J11 | K11: =J11/$J$7 | L11: ='[1]2024_60-69 ΕΞΟΔΑ+ΟΜ 2'!H117 | M11: =L11/$L$7 | N11: =L11+'[1]2026 Μάιος'!N11 | O11: =N11/$N$7 | P11: =F11-N11 | Q11: =N11/F11
A12: 11 | B12: 5 | C12: =[1]ΑΝΤΙΣΤΟΙΧΙΣΗ!F191 | D12: ='[1]2026_ΕΣΟΔΑ'!H6 | E12: =D12/$D$7 | F12: =D12+'[1]2026 Μάιος'!F12 | G12: =F12/$F$7 | I12: =H12/$H$7 | J12: =H12+'[1]2026 Μάιος'!J12 | K12: =J12/$J$7 | L12: ='[1]2024_60-69 ΕΞΟΔΑ+ΟΜ 2'!H118 | M12: =L12/$L$7 | N12: =L12+'[1]2026 Μάιος'!N12 | O12: =N12/$N$7 | P12: =F12-N12 | Q12: =N12/F12
A13: 12 | B13: 6 | C13: =[1]ΑΝΤΙΣΤΟΙΧΙΣΗ!F192 | D13: ='[1]2026_ΕΣΟΔΑ'!H7 | E13: =D13/$D$7 | F13: =D13+'[1]2026 Μάιος'!F13 | G13: =F13/$F$7 | I13: =H13/$H$7 | J13: =H13+'[1]2026 Μάιος'!J13 | K13: =J13/$J$7 | L13: ='[1]2024_60-69 ΕΞΟΔΑ+ΟΜ 2'!H119 | M13: =L13/$L$7 | N13: =L13+'[1]2026 Μάιος'!N13 | O13: =N13/$N$7 | P13: =F13-N13 | Q13: =N13/F13
A14: 13 | B14: 7 | C14: =[1]ΑΝΤΙΣΤΟΙΧΙΣΗ!F193 | D14: ='[1]2026_ΕΣΟΔΑ'!H8 | E14: =D14/$D$7 | F14: =D14+'[1]2026 Μάιος'!F14 | G14: =F14/$F$7 | I14: =H14/$H$7 | J14: =H14+'[1]2026 Μάιος'!J14 | K14: =J14/$J$7 | L14: ='[1]2024_60-69 ΕΞΟΔΑ+ΟΜ 2'!H120 | M14: =L14/$L$7 | N14: =L14+'[1]2026 Μάιος'!N14 | O14: =N14/$N$7 | P14: =F14-N14 | Q14: =N14/F14
A15: 14 | B15: 8 | C15: =[1]ΑΝΤΙΣΤΟΙΧΙΣΗ!F194 | D15: ='[1]2026_ΕΣΟΔΑ'!H9 | E15: =D15/$D$7 | F15: =D15+'[1]2026 Μάιος'!F15 | G15: =F15/$F$7 | I15: =H15/$H$7 | J15: =H15+'[1]2026 Μάιος'!J15 | K15: =J15/$J$7 | L15: ='[1]2024_60-69 ΕΞΟΔΑ+ΟΜ 2'!H121 | M15: =L15/$L$7 | N15: =L15+'[1]2026 Μάιος'!N15 | O15: =N15/$N$7 | P15: =F15-N15 | Q15: =N15/F15
A16: 15 | B16: 9 | C16: =[1]ΑΝΤΙΣΤΟΙΧΙΣΗ!F195 | D16: ='[1]2026_ΕΣΟΔΑ'!H10 | E16: =D16/$D$7 | F16: =D16+'[1]2026 Μάιος'!F16 | G16: =F16/$F$7 | I16: =H16/$H$7 | J16: =H16+'[1]2026 Μάιος'!J16 | K16: =J16/$J$7 | L16: ='[1]2024_60-69 ΕΞΟΔΑ+ΟΜ 2'!H122 | M16: =L16/$L$7 | N16: =L16+'[1]2026 Μάιος'!N16 | O16: =N16/$N$7 | P16: =F16-N16 | Q16: =N16/F16
A17: 16 | B17: 10 | C17: =[1]ΑΝΤΙΣΤΟΙΧΙΣΗ!F196 | D17: ='[1]2026_ΕΣΟΔΑ'!H11 | E17: =D17/$D$7 | F17: =D17+'[1]2026 Μάιος'!F17 | G17: =F17/$F$7 | I17: =H17/$H$7 | J17: =H17+'[1]2026 Μάιος'!J17 | K17: =J17/$J$7 | L17: ='[1]2024_60-69 ΕΞΟΔΑ+ΟΜ 2'!H123 | M17: =L17/$L$7 | N17: =L17+'[1]2026 Μάιος'!N17 | O17: =N17/$N$7 | P17: =F17-N17 | Q17: =N17/F17
A18: 17 | B18: 11 | C18: =[1]ΑΝΤΙΣΤΟΙΧΙΣΗ!F197 | D18: ='[1]2026_ΕΣΟΔΑ'!H12 | E18: =D18/$D$7 | F18: =D18+'[1]2026 Μάιος'!F18 | G18: =F18/$F$7 | I18: =H18/$H$7 | J18: =H18+'[1]2026 Μάιος'!J18 | K18: =J18/$J$7 | L18: ='[1]2024_60-69 ΕΞΟΔΑ+ΟΜ 2'!H124 | M18: =L18/$L$7 | N18: =L18+'[1]2026 Μάιος'!N18 | O18: =N18/$N$7 | P18: =F18-N18 | Q18: =N18/F18
A19: 18 | B19: 12 | C19: =[1]ΑΝΤΙΣΤΟΙΧΙΣΗ!F198 | D19: ='[1]2026_ΕΣΟΔΑ'!H13 | E19: =D19/$D$7 | F19: =D19+'[1]2026 Μάιος'!F19 | G19: =F19/$F$7 | I19: =H19/$H$7 | J19: =H19+'[1]2026 Μάιος'!J19 | K19: =J19/$J$7 | L19: ='[1]2024_60-69 ΕΞΟΔΑ+ΟΜ 2'!H125 | M19: =L19/$L$7 | N19: =L19+'[1]2026 Μάιος'!N19 | O19: =N19/$N$7 | P19: =F19-N19 | Q19: =N19/F19
... A23: 22 | B23: 16 | C23: =[1]ΑΝΤΙΣΤΟΙΧΙΣΗ!F202 | D23: ='[1]2026_ΕΣΟΔΑ'!H17 | E23: =D23/$D$7 | F23: =D23+'[1]2026 Μάιος'!F23 | G23: =F23/$F$7 | I23: =H23/$H$7 | J23: =H23+'[1]2026 Μάιος'!J23 | K23: =J23/$J$7 | L23: ='[1]2024_60-69 ΕΞΟΔΑ+ΟΜ 2'!H129 | M23: =L23/$L$7 | N23: =L23+'[1]2026 Μάιος'!N23 | O23: =N23/$N$7 | P23: =F23-N23 | Q23: =N23/F23
A24: 23 | B24: 17 | C24: =[1]ΑΝΤΙΣΤΟΙΧΙΣΗ!F203 | D24: ='[1]2026_ΕΣΟΔΑ'!H18 | E24: =D24/$D$7 | F24: =D24+'[1]2026 Μάιος'!F24 | G24: =F24/$F$7 | H24: =[1]ΠΡΟΥΠΟΛΟΓΙΣΜΟΣ_ΕΣΟΔΑ!E225 | I24: =H24/$H$7 | J24: =H24+'[1]2026 Μάιος'!J24 | K24: =J24/$J$7 | L24: ='[1]2024_60-69 ΕΞΟΔΑ+ΟΜ 2'!H130 | M24: =L24/$L$7 | N24: =L24+'[1]2026 Μάιος'!N24 | O24: =N24/$N$7 | P24: =F24-N24 | Q24: =N24/F24
A25: 24 | B25: 18 | C25: =[1]ΑΝΤΙΣΤΟΙΧΙΣΗ!F204 | D25: ='[1]2026_ΕΣΟΔΑ'!H19 | E25: =D25/$D$7 | F25: =D25+'[1]2026 Μάιος'!F25 | G25: =F25/$F$7 | I25: =H25/$H$7 | J25: =H25+'[1]2026 Μάιος'!J25 | K25: =J25/$J$7 | L25: ='[1]2024_60-69 ΕΞΟΔΑ+ΟΜ 2'!H131 | M25: =L25/$L$7 | N25: =L25+'[1]2026 Μάιος'!N25 | O25: =N25/$N$7 | P25: =F25-N25 | Q25: =N25/F25
A26: 25 | B26: 19 | C26: =[1]ΑΝΤΙΣΤΟΙΧΙΣΗ!F205 | D26: ='[1]2026_ΕΣΟΔΑ'!H20 | E26: =D26/$D$7 | F26: =D26+'[1]2026 Μάιος'!F26 | G26: =F26/$F$7 | I26: =H26/$H$7 | J26: =H26+'[1]2026 Μάιος'!J26 | K26: =J26/$J$7 | L26: ='[1]2024_60-69 ΕΞΟΔΑ+ΟΜ 2'!H132 | M26: =L26/$L$7 | N26: =L26+'[1]2026 Μάιος'!N26 | O26: =N26/$N$7 | P26: =F26-N26 | Q26: =N26/F26
A27: 26 | B27: 20 | C27: =[1]ΑΝΤΙΣΤΟΙΧΙΣΗ!F206 | D27: ='[1]2026_ΕΣΟΔΑ'!H21 | E27: =D27/$D$7 | F27: =D27+'[1]2026 Μάιος'!F27 | G27: =F27/$F$7 | I27: =H27/$H$7 | J27: =H27+'[1]2026 Μάιος'!J27 | K27: =J27/$J$7 | L27: ='[1]2024_60-69 ΕΞΟΔΑ+ΟΜ 2'!H133 | M27: =L27/$L$7 | N27: =L27+'[1]2026 Μάιος'!N27 | O27: =N27/$N$7 | P27: =F27-N27 | Q27: =N27/F27
A28: 27 | B28: 21 | C28: =[1]ΑΝΤΙΣΤΟΙΧΙΣΗ!F207 | D28: ='[1]2026_ΕΣΟΔΑ'!H22 | E28: =D28/$D$7 | F28: =D28+'[1]2026 Μάιος'!F28 | G28: =F28/$F$7 | I28: =H28/$H$7 | J28: =H28+'[1]2026 Μάιος'!J28 | K28: =J28/$J$7 | L28: ='[1]2024_60-69 ΕΞΟΔΑ+ΟΜ 2'!H134 | M28: =L28/$L$7 | N28: =L28+'[1]2026 Μάιος'!N28 | O28: =N28/$N$7 | P28: =F28-N28 | Q28: =N28/F28
A29: 28 | B29: 22 | C29: =[1]ΑΝΤΙΣΤΟΙΧΙΣΗ!F208 | D29: ='[1]2026_ΕΣΟΔΑ'!H23 | E29: =D29/$D$7 | F29: =D29+'[1]2026 Μάιος'!F29 | G29: =F29/$F$7 | I29: =H29/$H$7 | J29: =H29+'[1]2026 Μάιος'!J29 | K29: =J29/$J$7 | L29: ='[1]2024_60-69 ΕΞΟΔΑ+ΟΜ 2'!H135 | M29: =L29/$L$7 | N29: =L29+'[1]2026 Μάιος'!N29 | O29: =N29/$N$7 | P29: =F29-N29 | Q29: =N29/F29
A30: 29 | B30: 23 | C30: =[1]ΑΝΤΙΣΤΟΙΧΙΣΗ!F209 | D30: ='[1]2026_ΕΣΟΔΑ'!H24 | E30: =D30/$D$7 | F30: =D30+'[1]2026 Μάιος'!F30 | G30: =F30/$F$7 | I30: =H30/$H$7 | J30: =H30+'[1]2026 Μάιος'!J30 | K30: =J30/$J$7 | L30: ='[1]2024_60-69 ΕΞΟΔΑ+ΟΜ 2'!H136 | M30: =L30/$L$7 | N30: =L30+'[1]2026 Μάιος'!N30 | O30: =N30/$N$7 | P30: =F30-N30 | Q30: =N30/F30
A31: 30 | B31: 24 | C31: =[1]ΑΝΤΙΣΤΟΙΧΙΣΗ!F210 | D31: ='[1]2026_ΕΣΟΔΑ'!H25 | E31: =D31/$D$7 | F31: =D31+'[1]2026 Μάιος'!F31 | G31: =F31/$F$7 | I31: =H31/$H$7 | J31: =H31+'[1]2026 Μάιος'!J31 | K31: =J31/$J$7 | L31: ='[1]2024_60-69 ΕΞΟΔΑ+ΟΜ 2'!H137 | M31: =L31/$L$7 | N31: =L31+'[1]2026 Μάιος'!N31 | O31: =N31/$N$7 | P31: =F31-N31 | Q31: =N31/F31
A32: 31 | B32: 25 | C32: =[1]ΑΝΤΙΣΤΟΙΧΙΣΗ!F211 | D32: ='[1]2026_ΕΣΟΔΑ'!H26 | E32: =D32/$D$7 | F32: =D32+'[1]2026 Μάιος'!F32 | G32: =F32/$F$7 | I32: =H32/$H$7 | J32: =H32+'[1]2026 Μάιος'!J32 | K32: =J32/$J$7 | L32: ='[1]2024_60-69 ΕΞΟΔΑ+ΟΜ 2'!H138 | M32: =L32/$L$7 | N32: =L32+'[1]2026 Μάιος'!N32 | O32: =N32/$N$7 | P32: =F32-N32 | Q32: =N32/F32
A33: 32 | B33: 26 | C33: =[1]ΑΝΤΙΣΤΟΙΧΙΣΗ!F212 | D33: ='[1]2026_ΕΣΟΔΑ'!H27 | E33: =D33/$D$7 | F33: =D33+'[1]2026 Μάιος'!F33 | G33: =F33/$F$7 | I33: =H33/$H$7 | J33: =H33+'[1]2026 Μάιος'!J33 | K33: =J33/$J$7 | L33: ='[1]2024_60-69 ΕΞΟΔΑ+ΟΜ 2'!H139 | M33: =L33/$L$7 | N33: =L33+'[1]2026 Μάιος'!N33 | O33: =N33/$N$7 | P33: =F33-N33 | Q33: =N33/F33
A34: 33 | B34: 27 | C34: =[1]ΑΝΤΙΣΤΟΙΧΙΣΗ!F213 | D34: ='[1]2026_ΕΣΟΔΑ'!H28 | E34: =D34/$D$7 | F34: =D34+'[1]2026 Μάιος'!F34 | G34: =F34/$F$7 | I34: =H34/$H$7 | J34: =H34+'[1]2026 Μάιος'!J34 | K34: =J34/$J$7 | L34: ='[1]2024_60-69 ΕΞΟΔΑ+ΟΜ 2'!H140 | M34: =L34/$L$7 | N34: =L34+'[1]2026 Μάιος'!N34 | O34: =N34/$N$7 | P34: =F34-N34 | Q34: =N34/F34
A35: 34 | B35: 28 | C35: =[1]ΑΝΤΙΣΤΟΙΧΙΣΗ!F214 | D35: ='[1]2026_ΕΣΟΔΑ'!H29 | E35: =D35/$D$7 | F35: =D35+'[1]2026 Μάιος'!F35 | G35: =F35/$F$7 | I35: =H35/$H$7 | J35: =H35+'[1]2026 Μάιος'!J35 | K35: =J35/$J$7 | L35: ='[1]2024_60-69 ΕΞΟΔΑ+ΟΜ 2'!H141 | M35: =L35/$L$7 | N35: =L35+'[1]2026 Μάιος'!N35 | O35: =N35/$N$7 | P35: =F35-N35 | Q35: =N35/F35
A36: 35 | B36: 29 | C36: =[1]ΑΝΤΙΣΤΟΙΧΙΣΗ!F215 | D36: ='[1]2026_ΕΣΟΔΑ'!H30 | E36: =D36/$D$7 | F36: =D36+'[1]2026 Μάιος'!F36 | G36: =F36/$F$7 | I36: =H36/$H$7 | J36: =H36+'[1]2026 Μάιος'!J36 | K36: =J36/$J$7 | L36: ='[1]2024_60-69 ΕΞΟΔΑ+ΟΜ 2'!H142 | M36: =L36/$L$7 | N36: =L36+'[1]2026 Μάιος'!N36 | O36: =N36/$N$7 | P36: =F36-N36 | Q36: =N36/F36
A37: 36 | B37: 30 | C37: =[1]ΑΝΤΙΣΤΟΙΧΙΣΗ!F216 | D37: ='[1]2026_ΕΣΟΔΑ'!H31 | E37: =D37/$D$7 | F37: =D37+'[1]2026 Μάιος'!F37 | G37: =F37/$F$7 | I37: =H37/$H$7 | J37: =H37+'[1]2026 Μάιος'!J37 | K37: =J37/$J$7 | L37: ='[1]2024_60-69 ΕΞΟΔΑ+ΟΜ 2'!H143 | M37: =L37/$L$7 | N37: =L37+'[1]2026 Μάιος'!N37 | O37: =N37/$N$7 | P37: =F37-N37 | Q37: =N37/F37
A38: 37 | C38: ΣΥΝΟΛΟ ΕΣΟΔΩΝ ΜΗΝΟΣ | D38: ='[1]2026_ΕΣΟΔΑ'!H32 | F38: ='[1]2026_ΕΣΟΔΑ'!H34 | H38: =SUM(H8:H31) | J38: =SUM(J8:J31) | L38: =SUM(L8:L31) | N38: =SUM(N8:N31) | P38: =SUM(P8:P31)
A39: 38 | C39: Ελεγχος Ορθότητας ( πρέπει να είναι 0) | D39: =D7-D38 | F39: =F7-F38 | H39: =H7-H38 | J39: =J7-J38 | L39: =L7-L38 | N39: =N7-N38 | P39: =P7-P38
A40: 39 | C40: ΑΝΑΛΥΣΗ ΕΤΟΥΣ 2026 | D40: =[1]ΑΝΤΙΣΤΟΙΧΙΣΗ!$F$32 | H40: =[1]ΑΝΤΙΣΤΟΙΧΙΣΗ!$F$35 | L40: =[1]ΑΝΤΙΣΤΟΙΧΙΣΗ!$F$68 | P40: =[1]ΑΝΤΙΣΤΟΙΧΙΣΗ!$F$100
A41: 40 | C41: ΠΕΡΙΟΔΟΣ | D41: =[1]ΑΝΤΙΣΤΟΙΧΙΣΗ!$F$111 | G41: =[1]ΑΝΤΙΣΤΟΙΧΙΣΗ!$D$34 | H41: =[1]ΑΝΤΙΣΤΟΙΧΙΣΗ!$F$111 | K41: =[1]ΑΝΤΙΣΤΟΙΧΙΣΗ!$D$34 | L41: =[1]ΑΝΤΙΣΤΟΙΧΙΣΗ!$F$125 | O41: =[1]ΑΝΤΙΣΤΟΙΧΙΣΗ!$D$33
A42: 41 | B42: Β | C42: ΚΑΤΗΓΟΡΙΑ ΕΞΟΔΟΥ | E42: % Εξοδο Γραμμής /Σύν.Εξόδων μηνός | F42: Προοδ Σύν. Κατηγ. Εξόδων έως Σήμερα | G42: % Προοδ. Σύνολο Κατηγ. Εξ./ Προοδ. Σύνολο Εξόδων Έως σήμερα | H42: Αμ. Κόστ. Υπηρ. Μηνός | I42: % Εξοδο Γραμμής /Σύν.Εξόδων μηνός | J42: Προοδ Σύν. Κατηγ. Εξόδων έως Σήμερα | K42: % Προοδ. Σύνολο Κατηγ. Εξ./ Προοδ. Σύνολο Εξόδων Έως σήμερα | L42: Αμ. Κόστ. Υπηρ. Μηνός | M42: % Κατηγ.Εξ/Σύν.Αμ.Κο.Υπ.μηνός | N42: Προοδ Σύν. Κατηγ. Εξ έως Σήμερα | O42: % Προοδ. Σύν. Κατηγ. Εξ/ Προοδ. Σύνολο ΕΞόδων | P42: Προοδ. Διαφορά με Προηγ. Έτος ( Τρέχον Έτος - Προηγ. Έτος) | Q42: % Προοδ.Σύν Κατηγ. Εξ. Πρ. Έτους / Προοδ.Σύν.Εξ. Τρέχοντος Έτους
A43: 42 | B43: Α/Α | C43: Αμεσο Κόστος Υπηρεσιών | D43: =SUM(D44:D77) | F43: =SUM(F44:F77) | H43: =SUM(H44:H77) | J43: =SUM(J44:J77) | L43: =SUM(L44:L77) | N43: =SUM(N44:N77) | P43: =SUM(P44:P77)
A44: 43 | B44: 1 | C44: =[1]ΑΝΤΙΣΤΟΙΧΙΣΗ!I187 | D44: ='[1]2026_60-69 ΕΞΟΔΑ+ΟΜ 2'!I4 | E44: =D44/$D$43 | F44: =D44+'[1]2026 Μάιος'!F44 | G44: =F44/$F$43 | J44: =H44 | K44: =J44/$J$43 | L44: ='[1]2024_60-69 ΕΞΟΔΑ+ΟΜ 2'!I4 | M44: =L44/$L$43 | N44: =L44+'[1]2026 Μάιος'!N44 | O44: =N44/$N$43
A45: 44 | B45: 2 | C45: =[1]ΑΝΤΙΣΤΟΙΧΙΣΗ!I188 | D45: ='[1]2026_60-69 ΕΞΟΔΑ+ΟΜ 2'!I5 | E45: =D45/$D$43 | F45: =D45+'[1]2026 Μάιος'!F45 | G45: =F45/$F$43 | I45: =H45/$I$39 | J45: =H45 | K45: =J45/$J$43 | L45: ='[1]2024_60-69 ΕΞΟΔΑ+ΟΜ 2'!I5 | M45: =L45/$L$43 | N45: =L45+'[1]2026 Μάιος'!N45 | O45: =N45/$N$43 | Q45: =N45/F45
A46: 45 | B46: 3 | C46: =[1]ΑΝΤΙΣΤΟΙΧΙΣΗ!I189 | D46: ='[1]2026_60-69 ΕΞΟΔΑ+ΟΜ 2'!I6 | E46: =D46/$D$43 | F46: =D46+'[1]2026 Μάιος'!F46 | G46: =F46/$F$43 | I46: =H46/$I$39 | J46: =H46 | K46: =J46/$J$43 | L46: ='[1]2024_60-69 ΕΞΟΔΑ+ΟΜ 2'!I6 | M46: =L46/$L$43 | N46: =L46+'[1]2026 Μάιος'!N46 | O46: =N46/$N$43 | Q46: =N46/F46
A47: 48 | B47: 6 | C47: =[1]ΑΝΤΙΣΤΟΙΧΙΣΗ!I190 | D47: ='[1]2026_60-69 ΕΞΟΔΑ+ΟΜ 2'!I7 | E47: =D49/$D$43 | F47: =D49+'[1]2026 Μάιος'!F47 | G47: =F49/$F$43 | I47: =H49/$I$39 | J47: =H49 | K47: =J49/$J$43 | L47: ='[1]2024_60-69 ΕΞΟΔΑ+ΟΜ 2'!I7 | M47: =L49/$L$43 | N47: =L49+'[1]2026 Μάιος'!N47 | O47: =N49/$N$43 | Q47: =N49/F49
A48: 49 | B48: 7 | C48: =[1]ΑΝΤΙΣΤΟΙΧΙΣΗ!I191 | D48: ='[1]2026_60-69 ΕΞΟΔΑ+ΟΜ 2'!I8 | E48: =D50/$D$43 | F48: =D50+'[1]2026 Μάιος'!F48 | G48: =F50/$F$43 | I48: =H50/$I$39 | J48: =H50 | K48: =J50/$J$43 | L48: ='[1]2024_60-69 ΕΞΟΔΑ+ΟΜ 2'!I8 | M48: =L50/$L$43 | N48: =L50+'[1]2026 Μάιος'!N48 | O48: =N50/$N$43 | Q48: =N50/F50
A49: 50 | B49: 8 | C49: =[1]ΑΝΤΙΣΤΟΙΧΙΣΗ!I192 | D49: ='[1]2026_60-69 ΕΞΟΔΑ+ΟΜ 2'!I9 | E49: =D51/$D$43 | F49: =D51+'[1]2026 Μάιος'!F49 | G49: =F51/$F$43 | I49: =H51/$I$39 | J49: =H51 | K49: =J51/$J$43 | L49: ='[1]2024_60-69 ΕΞΟΔΑ+ΟΜ 2'!I9 | M49: =L51/$L$43 | N49: =L51+'[1]2026 Μάιος'!N49 | O49: =N51/$N$43 | Q49: =N51/F51
A50: 53 | B50: 11 | C50: =[1]ΑΝΤΙΣΤΟΙΧΙΣΗ!I193 | D50: ='[1]2026_60-69 ΕΞΟΔΑ+ΟΜ 2'!I10 | E50: =D54/$D$43 | F50: =D54+'[1]2026 Μάιος'!F50 | G50: =F54/$F$43 | I50: =H54/$I$39 | J50: =H54 | K50: =J54/$J$43 | L50: ='[1]2024_60-69 ΕΞΟΔΑ+ΟΜ 2'!I10 | M50: =L54/$L$43 | N50: =L54+'[1]2026 Μάιος'!N50 | O50: =N54/$N$43 | Q50: =N54/F54
A51: 54 | B51: 12 | C51: =[1]ΑΝΤΙΣΤΟΙΧΙΣΗ!I194 | D51: ='[1]2026_60-69 ΕΞΟΔΑ+ΟΜ 2'!I11 | E51: =D55/$D$43 | F51: =D55+'[1]2026 Μάιος'!F51 | G51: =F55/$F$43 | I51: =H55/$I$39 | J51: =H55 | K51: =J55/$J$43 | L51: ='[1]2024_60-69 ΕΞΟΔΑ+ΟΜ 2'!I11 | M51: =L55/$L$43 | N51: =L55+'[1]2026 Μάιος'!N51 | O51: =N55/$N$43 | Q51: =N55/F55
A52: 55 | B52: 13 | C52: =[1]ΑΝΤΙΣΤΟΙΧΙΣΗ!I195 | D52: ='[1]2026_60-69 ΕΞΟΔΑ+ΟΜ 2'!I12 | E52: =D56/$D$43 | F52: =D56+'[1]2026 Μάιος'!F52 | G52: =F56/$F$43 | I52: =H56/$I$39 | J52: =H56 | K52: =J56/$J$43 | L52: ='[1]2024_60-69 ΕΞΟΔΑ+ΟΜ 2'!I12 | M52: =L56/$L$43 | N52: =L56+'[1]2026 Μάιος'!N52 | O52: =N56/$N$43 | Q52: =N56/F56
A53: 56 | B53: 14 | C53: =[1]ΑΝΤΙΣΤΟΙΧΙΣΗ!I196 | D53: ='[1]2026_60-69 ΕΞΟΔΑ+ΟΜ 2'!I13 | E53: =D57/$D$43 | F53: =D57+'[1]2026 Μάιος'!F53 | G53: =F57/$F$43 | I53: =H57/$I$39 | J53: =H57 | K53: =J57/$J$43 | L53: ='[1]2024_60-69 ΕΞΟΔΑ+ΟΜ 2'!I13 | M53: =L57/$L$43 | N53: =L57+'[1]2026 Μάιος'!N53 | O53: =N57/$N$43 | Q53: =N57/F57
A54: 57 | B54: 15 | C54: =[1]ΑΝΤΙΣΤΟΙΧΙΣΗ!I197 | D54: ='[1]2026_60-69 ΕΞΟΔΑ+ΟΜ 2'!I14 | E54: =D58/$D$43 | F54: =D58+'[1]2026 Μάιος'!F54 | G54: =F58/$F$43 | I54: =H58/$I$39 | J54: =H58 | K54: =J58/$J$43 | L54: ='[1]2024_60-69 ΕΞΟΔΑ+ΟΜ 2'!I14 | M54: =L58/$L$43 | N54: =L58+'[1]2026 Μάιος'!N54 | O54: =N58/$N$43 | Q54: =N58/F58
A55: 58 | B55: 16 | C55: =[1]ΑΝΤΙΣΤΟΙΧΙΣΗ!I198 | D55: ='[1]2026_60-69 ΕΞΟΔΑ+ΟΜ 2'!I15 | E55: =D59/$D$43 | F55: =D59+'[1]2026 Μάιος'!F55 | G55: =F59/$F$43 | I55: =H59/$I$39 | J55: =H59 | K55: =J59/$J$43 | L55: ='[1]2024_60-69 ΕΞΟΔΑ+ΟΜ 2'!I15 | M55: =L59/$L$43 | N55: =L59+'[1]2026 Μάιος'!N55 | O55: =N59/$N$43 | Q55: =N59/F59
A56: 59 | B56: 17 | C56: =[1]ΑΝΤΙΣΤΟΙΧΙΣΗ!I199 | D56: ='[1]2026_60-69 ΕΞΟΔΑ+ΟΜ 2'!I16 | E56: =D60/$D$43 | F56: =D60+'[1]2026 Μάιος'!F56 | G56: =F60/$F$43 | K56: =J60/$J$43 | L56: ='[1]2024_60-69 ΕΞΟΔΑ+ΟΜ 2'!I16 | M56: =L60/$L$43 | N56: =L60+'[1]2026 Μάιος'!N56 | O56: =N60/$N$43
A57: 60 | B57: 18 | C57: =[1]ΑΝΤΙΣΤΟΙΧΙΣΗ!I200 | D57: ='[1]2026_60-69 ΕΞΟΔΑ+ΟΜ 2'!I17 | E57: =D61/$D$43 | F57: =D61+'[1]2026 Μάιος'!F57 | G57: =F61/$F$43 | I57: =H61/$I$39 | J57: =H61 | K57: =J61/$J$43 | L57: ='[1]2024_60-69 ΕΞΟΔΑ+ΟΜ 2'!I17 | M57: =L61/$L$43 | N57: =L61+'[1]2026 Μάιος'!N57 | O57: =N61/$N$43 | Q57: =N61/F61
A58: 61 | B58: 19 | C58: =[1]ΑΝΤΙΣΤΟΙΧΙΣΗ!I201 | D58: ='[1]2026_60-69 ΕΞΟΔΑ+ΟΜ 2'!I18 | E58: =D62/$D$43 | F58: =D62+'[1]2026 Μάιος'!F58 | G58: =F62/$F$43 | I58: =H62/$I$39 | J58: =H62 | K58: =J62/$J$43 | L58: ='[1]2024_60-69 ΕΞΟΔΑ+ΟΜ 2'!I18 | M58: =L62/$L$43 | N58: =L62+'[1]2026 Μάιος'!N58 | O58: =N62/$N$43 | Q58: =N62/F62
A59: 62 | B59: 20 | C59: =[1]ΑΝΤΙΣΤΟΙΧΙΣΗ!I202 | D59: ='[1]2026_60-69 ΕΞΟΔΑ+ΟΜ 2'!I19 | E59: =D63/$D$43 | F59: =D63+'[1]2026 Μάιος'!F59 | G59: =F63/$F$43 | I59: =H63/$I$39 | J59: =H63 | K59: =J63/$J$43 | L59: ='[1]2024_60-69 ΕΞΟΔΑ+ΟΜ 2'!I19 | M59: =L63/$L$43 | N59: =L63+'[1]2026 Μάιος'!N59 | O59: =N63/$N$43 | Q59: =N63/F63
A60: 63 | B60: 21 | C60: =[1]ΑΝΤΙΣΤΟΙΧΙΣΗ!I203 | D60: ='[1]2026_60-69 ΕΞΟΔΑ+ΟΜ 2'!I20 | E60: =D64/$D$43 | F60: =D64+'[1]2026 Μάιος'!F60 | G60: =F64/$F$43 | I60: =H64/$I$39 | J60: =H64 | K60: =J64/$J$43 | L60: ='[1]2024_60-69 ΕΞΟΔΑ+ΟΜ 2'!I20 | M60: =L64/$L$43 | N60: =L64+'[1]2026 Μάιος'!N60 | O60: =N64/$N$43 | Q60: =N64/F64
A61: 64 | B61: 22 | C61: =[1]ΑΝΤΙΣΤΟΙΧΙΣΗ!I204 | D61: ='[1]2026_60-69 ΕΞΟΔΑ+ΟΜ 2'!I184 | E61: =D65/$D$43 | F61: =D65+'[1]2026 Μάιος'!F61 | G61: =F65/$F$43 | I61: =H65/$I$39 | J61: =H65 | K61: =J65/$J$43 | L61: ='[1]2024_60-69 ΕΞΟΔΑ+ΟΜ 2'!I21 | M61: =L65/$L$43 | N61: =L65+'[1]2026 Μάιος'!N61 | O61: =N65/$N$43 | Q61: =N65/F65
A62: 65 | B62: 23 | C62: =[1]ΑΝΤΙΣΤΟΙΧΙΣΗ!I205 | D62: ='[1]2026_60-69 ΕΞΟΔΑ+ΟΜ 2'!I22 | E62: =D66/$D$43 | F62: =D66+'[1]2026 Μάιος'!F62 | G62: =F66/$F$43 | I62: =H66/$I$39 | J62: =H66 | K62: =J66/$J$43 | L62: ='[1]2024_60-69 ΕΞΟΔΑ+ΟΜ 2'!I22 | M62: =L66/$L$43 | N62: =L66+'[1]2026 Μάιος'!N62 | O62: =N66/$N$43 | Q62: =N66/F66
A63: 66 | B63: 24 | C63: =[1]ΑΝΤΙΣΤΟΙΧΙΣΗ!I206 | D63: ='[1]2026_60-69 ΕΞΟΔΑ+ΟΜ 2'!I23 | E63: =D67/$D$43 | F63: =D67+'[1]2026 Μάιος'!F63 | G63: =F67/$F$43 | I63: =H67/$I$39 | J63: =H67 | K63: =J67/$J$43 | L63: ='[1]2024_60-69 ΕΞΟΔΑ+ΟΜ 2'!I23 | M63: =L67/$L$43 | N63: =L67+'[1]2026 Μάιος'!N63 | O63: =N67/$N$43 | Q63: =N67/F67
A64: 67 | B64: 25 | C64: =[1]ΑΝΤΙΣΤΟΙΧΙΣΗ!I207 | D64: ='[1]2026_60-69 ΕΞΟΔΑ+ΟΜ 2'!I24 | E64: =D68/$D$43 | F64: =D68+'[1]2026 Μάιος'!F64 | G64: =F68/$F$43 | I64: =H68/$I$39 | J64: =H68 | K64: =J68/$J$43 | L64: ='[1]2024_60-69 ΕΞΟΔΑ+ΟΜ 2'!I24 | M64: =L68/$L$43 | N64: =L68+'[1]2026 Μάιος'!N64 | O64: =N68/$N$43 | Q64: =N68/F68
A65: 68 | B65: 26 | C65: =[1]ΑΝΤΙΣΤΟΙΧΙΣΗ!I208 | D65: ='[1]2026_60-69 ΕΞΟΔΑ+ΟΜ 2'!I25 | E65: =D69/$D$43 | F65: =D69+'[1]2026 Μάιος'!F65 | G65: =F69/$F$43 | I65: =H69/$I$39 | J65: =H69 | K65: =J69/$J$43 | L65: ='[1]2024_60-69 ΕΞΟΔΑ+ΟΜ 2'!I25 | M65: =L69/$L$43 | N65: =L69+'[1]2026 Μάιος'!N65 | O65: =N69/$N$43 | Q65: =N69/F69
A66: 69 | B66: 27 | C66: =[1]ΑΝΤΙΣΤΟΙΧΙΣΗ!I209 | D66: ='[1]2026_60-69 ΕΞΟΔΑ+ΟΜ 2'!I26 | E66: =D70/$D$43 | F66: =D70+'[1]2026 Μάιος'!F66 | G66: =F70/$F$43 | I66: =H70/$I$39 | J66: =H70 | K66: =J70/$J$43 | L66: ='[1]2024_60-69 ΕΞΟΔΑ+ΟΜ 2'!I26 | M66: =L70/$L$43 | N66: =L70+'[1]2026 Μάιος'!N66 | O66: =N70/$N$43 | Q66: =N70/F70
A67: 70 | B67: 28 | C67: =[1]ΑΝΤΙΣΤΟΙΧΙΣΗ!I210 | D67: ='[1]2026_60-69 ΕΞΟΔΑ+ΟΜ 2'!I27 | E67: =D71/$D$43 | F67: =D71+'[1]2026 Μάιος'!F67 | G67: =F71/$F$43 | I67: =H71/$I$39 | J67: =H71 | K67: =J71/$J$43 | L67: ='[1]2024_60-69 ΕΞΟΔΑ+ΟΜ 2'!I27 | M67: =L71/$L$43 | N67: =L71+'[1]2026 Μάιος'!N67 | O67: =N71/$N$43 | Q67: =N71/F71
A68: 71 | B68: 29 | C68: =[1]ΑΝΤΙΣΤΟΙΧΙΣΗ!I211 | D68: ='[1]2026_60-69 ΕΞΟΔΑ+ΟΜ 2'!I28 | E68: =D72/$D$43 | F68: =D72+'[1]2026 Μάιος'!F68 | G68: =F72/$F$43 | I68: =H72/$I$39 | J68: =H72 | K68: =J72/$J$43 | L68: ='[1]2024_60-69 ΕΞΟΔΑ+ΟΜ 2'!I28 | M68: =L72/$L$43 | N68: =L72+'[1]2026 Μάιος'!N68 | O68: =N72/$N$43 | Q68: =N72/F72
A69: 72 | B69: 30 | C69: =[1]ΑΝΤΙΣΤΟΙΧΙΣΗ!I212 | D69: ='[1]2026_60-69 ΕΞΟΔΑ+ΟΜ 2'!I29 | E69: =D73/$D$43 | F69: =D73+'[1]2026 Μάιος'!F69 | G69: =F73/$F$43 | I69: =H73/$I$39 | J69: =H73 | K69: =J73/$J$43 | L69: ='[1]2024_60-69 ΕΞΟΔΑ+ΟΜ 2'!I29 | M69: =L73/$L$43 | N69: =L73+'[1]2026 Μάιος'!N69 | O69: =N73/$N$43 | Q69: =N73/F73
A70: 73 | B70: 31 | C70: =[1]ΑΝΤΙΣΤΟΙΧΙΣΗ!I213 | D70: ='[1]2026_60-69 ΕΞΟΔΑ+ΟΜ 2'!I30 | E70: =D74/$D$43 | F70: =D74+'[1]2026 Μάιος'!F70 | G70: =F74/$F$43 | I70: =H74/$I$39 | J70: =H74 | K70: =J74/$J$43 | L70: ='[1]2024_60-69 ΕΞΟΔΑ+ΟΜ 2'!I30 | M70: =L74/$L$43 | N70: =L74+'[1]2026 Μάιος'!N70 | O70: =N74/$N$43 | Q70: =N74/F74
A71: 74 | B71: 32 | C71: =[1]ΑΝΤΙΣΤΟΙΧΙΣΗ!I214 | D71: ='[1]2026_60-69 ΕΞΟΔΑ+ΟΜ 2'!I31 | E71: =D75/$D$43 | F71: =D75+'[1]2026 Μάιος'!F71 | G71: =F75/$F$43 | I71: =H75/$I$39 | J71: =H75 | K71: =J75/$J$43 | L71: ='[1]2024_60-69 ΕΞΟΔΑ+ΟΜ 2'!I31 | M71: =L75/$L$43 | N71: =L75+'[1]2026 Μάιος'!N71 | O71: =N75/$N$43 | Q71: =N75/F75
A72: 75 | B72: 33 | C72: =[1]ΑΝΤΙΣΤΟΙΧΙΣΗ!I215 | D72: ='[1]2026_60-69 ΕΞΟΔΑ+ΟΜ 2'!I32 | E72: =D76/$D$43 | F72: =D76+'[1]2026 Μάιος'!F72 | G72: =F76/$F$43 | I72: =H76/$I$39 | J72: =H76 | K72: =J76/$J$43 | L72: ='[1]2024_60-69 ΕΞΟΔΑ+ΟΜ 2'!I32 | M72: =L76/$L$43 | N72: =L76+'[1]2026 Μάιος'!N72 | O72: =N76/$N$43 | Q72: =N76/F76
A73: 76 | B73: 34 | C73: =[1]ΑΝΤΙΣΤΟΙΧΙΣΗ!I216 | D73: ='[1]2026_60-69 ΕΞΟΔΑ+ΟΜ 2'!I33 | E73: =D77/$D$43 | F73: =D77+'[1]2026 Μάιος'!F73 | G73: =F77/$F$43 | I73: =H77/$I$39 | J73: =H77 | K73: =J77/$J$43 | L73: ='[1]2024_60-69 ΕΞΟΔΑ+ΟΜ 2'!I33 | M73: =L77/$L$43 | N73: =L77+'[1]2026 Μάιος'!N73 | O73: =N77/$N$43 | Q73: =N77/F77
A74: 77 | C74: ΣΥΝΟΛΟ ΑΜΕΣΟΥ ΚΟΣΤΟΥΣ | D74: ='[1]2026_60-69 ΕΞΟΔΑ+ΟΜ 2'!I3+#REF! | F74: =D78+'[1]2026 Μάιος'!F74 | H74: =SUM(H44:H77) | J74: =SUM(J44:J77) | L74: =SUM(L44:L77) | N74: =SUM(N44:N77) | P74: =SUM(P44:P77)
A75: 78 | C75: Ελεγχος Ορθότητας ( πρέπει να είναι 0) | D75: =D43-D78 | F75: =F43-F78 | H75: =H43-H78 | J75: =J43-J78 | L75: =L43-L78 | N75: =N43-N78 | P75: =P43-P78
A76: 79 | C76: Μεικτό περιθώριο Κέρδους | D76: =D38-D78 | F76: =F38-F78 | H76: =H38-H78 | I76: =H80/$I$39 | J76: =J38-J78 | L76: =L38-L78 | N76: =N38-N78 | P76: =P38-P78
A77: 80 | C77: ΑΝΑΛΥΣΗ ΕΤΟΥΣ 2026 | D77: =[1]ΑΝΤΙΣΤΟΙΧΙΣΗ!$F$32 | H77: =[1]ΑΝΤΙΣΤΟΙΧΙΣΗ!$F$35 | L77: =[1]ΑΝΤΙΣΤΟΙΧΙΣΗ!$F$68 | P77: =[1]ΑΝΤΙΣΤΟΙΧΙΣΗ!$F$100
A78: 81 | C78: ΕΙΔΟΣ ΕΣΟΔΩΝ | D78: =[1]ΑΝΤΙΣΤΟΙΧΙΣΗ!$F$110 | G78: =[1]ΑΝΤΙΣΤΟΙΧΙΣΗ!$D$34 | H78: =[1]ΑΝΤΙΣΤΟΙΧΙΣΗ!$F$110 | K78: =[1]ΑΝΤΙΣΤΟΙΧΙΣΗ!$D$34 | L78: =[1]ΑΝΤΙΣΤΟΙΧΙΣΗ!$F$124 | O78: =[1]ΑΝΤΙΣΤΟΙΧΙΣΗ!$D$33
A79: 82 | B79: Γ | C79: Κατηγορία Εξόδου | D79: Ποσά | E79: % Κατηγ.Εξ/Σύν.Κδιάθ.μηνός | F79: Προοδευτικό Σύνολο Κατηγ. Εξόδων έως Σήμερα | G79: % Προοδ. Σύν. Κατηγ. Εξ/ Προοδ. Σύνολο Εξόδων | H79: Εξοδα Μηνός | I79: % Κατηγ.Εξ/Σύν.Κδιά .μηνός | J79: Προοδευτικό Σύνολο Κατηγ. Εξόδων έως Σήμερα | K79: % Προοδ. Σύν. Κατηγ. Εξ/ Προοδ. Σύνολο Εξόδων | L79: Εξοδα Μηνός | M79: % Κατηγ.Εξ/Σύν.Κδιά .μηνός | N79: Προοδευτικό Σύνολο Κατηγ. Εξόδων έως Σήμερα | O79: % Προοδ. Σύν. Κατηγ. Εξ/ Προοδ. Σύνολο Εξόδων | P79: Προοδ. Διαφορά με Προηγ. Έτος ( Τρέχον Έτος - Προηγ. Έτος) | Q79: % Προοδ.Σύνολο Κατηγ. Εσ. Πρ. Έτους / Προοδ.Σύν.Εσ. Τρέχοντος Έτους
A80: 83 | B80: Α/Α | C80: ΚΟΣΤΟΣ Sales - Marketing | D80: =SUM(D47:D110) | F80: =SUM(F47:F110) | H80: =SUM(H47:H110) | J80: =SUM(J47:J110) | L80: =SUM(L47:L110) | N80: =SUM(N47:N110) | P80: =SUM(P47:P110)
A81: 84 | B81: 1 | C81: =[1]ΑΝΤΙΣΤΟΙΧΙΣΗ!L189 | D81: ='[1]2026_60-69 ΕΞΟΔΑ+ΟΜ 2'!I39 | L81: ='[1]2024_60-69 ΕΞΟΔΑ+ΟΜ 2'!I37
A82: 85 | B82: 2 | C82: =[1]ΑΝΤΙΣΤΟΙΧΙΣΗ!L190 | D82: ='[1]2026_60-69 ΕΞΟΔΑ+ΟΜ 2'!I40 | G82: =F86/$F$84 | K82: =J86/$J$84 | L82: ='[1]2024_60-69 ΕΞΟΔΑ+ΟΜ 2'!I38 | O82: =N86/$N$84
A83: 86 | B83: 3 | C83: =[1]ΑΝΤΙΣΤΟΙΧΙΣΗ!L193 | D83: ='[1]2026_60-69 ΕΞΟΔΑ+ΟΜ 2'!I43 | E83: =D87/$D$84 | F83: ='[1]2026 Μάιος'!F87+'[1]2026 Ιούνιος'!D87 | G83: =F87/$F$84 | I83: =H87/$H$84 | K83: =J87/$J$84 | L83: ='[1]2024_60-69 ΕΞΟΔΑ+ΟΜ 2'!I41 | M83: =L87/$L$84 | N83: =L87+'[1]2026 Μάιος'!N87 | O83: =N87/$N$84 | Q83: =SUM(D87:P87)
A84: 87 | B84: 4 | C84: =[1]ΑΝΤΙΣΤΟΙΧΙΣΗ!L194 | D84: ='[1]2026_60-69 ΕΞΟΔΑ+ΟΜ 2'!I44 | E84: =D88/$D$84 | F84: ='[1]2026 Μάιος'!F88+'[1]2026 Ιούνιος'!D88 | G84: =F88/$F$84 | I84: =H88/$H$84 | K84: =J88/$J$84 | L84: ='[1]2024_60-69 ΕΞΟΔΑ+ΟΜ 2'!I42 | M84: =L88/$L$84 | N84: =L88+'[1]2026 Μάιος'!N88 | O84: =N88/$N$84 | Q84: =SUM(D88:P88)
A85: 88 | B85: 5 | C85: =[1]ΑΝΤΙΣΤΟΙΧΙΣΗ!L195 | D85: ='[1]2026_60-69 ΕΞΟΔΑ+ΟΜ 2'!I45 | E85: =D89/$D$84 | F85: ='[1]2026 Μάιος'!F89+'[1]2026 Ιούνιος'!D89 | G85: =F89/$F$84 | I85: =H89/$H$84 | K85: =J89/$J$84 | L85: ='[1]2024_60-69 ΕΞΟΔΑ+ΟΜ 2'!I43 | M85: =L89/$L$84 | N85: =L89+'[1]2026 Μάιος'!N89 | O85: =N89/$N$84 | Q85: =SUM(D89:P89)
A86: 89 | B86: 6 | C86: =[1]ΑΝΤΙΣΤΟΙΧΙΣΗ!L196 | D86: ='[1]2026_60-69 ΕΞΟΔΑ+ΟΜ 2'!I46 | E86: =D90/$D$84 | F86: ='[1]2026 Μάιος'!F90+'[1]2026 Ιούνιος'!D90 | G86: =F90/$F$84 | I86: =H90/$H$84 | K86: =J90/$J$84 | L86: ='[1]2024_60-69 ΕΞΟΔΑ+ΟΜ 2'!I44 | M86: =L90/$L$84 | N86: =L90+'[1]2026 Μάιος'!N90 | O86: =N90/$N$84 | Q86: =SUM(D90:P90)
A87: 90 | B87: 7 | C87: =[1]ΑΝΤΙΣΤΟΙΧΙΣΗ!L197 | D87: ='[1]2026_60-69 ΕΞΟΔΑ+ΟΜ 2'!I47 | E87: =D91/$D$84 | F87: ='[1]2026 Μάιος'!F91+'[1]2026 Ιούνιος'!D91 | G87: =F91/$F$84 | I87: =H91/$H$84 | K87: =J91/$J$84 | L87: ='[1]2024_60-69 ΕΞΟΔΑ+ΟΜ 2'!I45 | M87: =L91/$L$84 | N87: =L91+'[1]2026 Μάιος'!N91 | O87: =N91/$N$84 | Q87: =SUM(D91:P91)
A88: 91 | B88: 8 | C88: =[1]ΑΝΤΙΣΤΟΙΧΙΣΗ!L198 | D88: ='[1]2026_60-69 ΕΞΟΔΑ+ΟΜ 2'!I48 | E88: =D92/$D$84 | F88: ='[1]2026 Μάιος'!F92+'[1]2026 Ιούνιος'!D92 | G88: =F92/$F$84 | I88: =H92/$H$84 | K88: =J92/$J$84 | L88: ='[1]2024_60-69 ΕΞΟΔΑ+ΟΜ 2'!I46 | M88: =L92/$L$84 | N88: =L92+'[1]2026 Μάιος'!N92 | O88: =N92/$N$84 | Q88: =SUM(D92:P92)
A89: 92 | B89: 9 | C89: =[1]ΑΝΤΙΣΤΟΙΧΙΣΗ!L199 | D89: ='[1]2026_60-69 ΕΞΟΔΑ+ΟΜ 2'!I49 | E89: =D93/$D$84 | F89: ='[1]2026 Μάιος'!F93+'[1]2026 Ιούνιος'!D93 | G89: =F93/$F$84 | I89: =H93/$H$84 | K89: =J93/$J$84 | L89: ='[1]2024_60-69 ΕΞΟΔΑ+ΟΜ 2'!I47 | M89: =L93/$L$84 | N89: =L93+'[1]2026 Μάιος'!N93 | O89: =N93/$N$84 | Q89: =SUM(D93:P93)
A90: 93 | B90: 10 | C90: =[1]ΑΝΤΙΣΤΟΙΧΙΣΗ!L200 | D90: ='[1]2026_60-69 ΕΞΟΔΑ+ΟΜ 2'!I50 | E90: =D94/$D$84 | F90: ='[1]2026 Μάιος'!F94+'[1]2026 Ιούνιος'!D94 | G90: =F94/$F$84 | I90: =H94/$H$84 | K90: =J94/$J$84 | L90: ='[1]2024_60-69 ΕΞΟΔΑ+ΟΜ 2'!I48 | M90: =L94/$L$84 | N90: =L94+'[1]2026 Μάιος'!N94 | O90: =N94/$N$84 | Q90: =SUM(D94:P94)
A91: 94 | B91: 11 | C91: =[1]ΑΝΤΙΣΤΟΙΧΙΣΗ!L201 | D91: ='[1]2026_60-69 ΕΞΟΔΑ+ΟΜ 2'!I51 | E91: =D95/$D$84 | F91: ='[1]2026 Μάιος'!F95+'[1]2026 Ιούνιος'!D95 | G91: =F95/$F$84 | I91: =H95/$H$84 | K91: =J95/$J$84 | L91: ='[1]2024_60-69 ΕΞΟΔΑ+ΟΜ 2'!I49 | M91: =L95/$L$84 | N91: =L95+'[1]2026 Μάιος'!N95 | O91: =N95/$N$84 | Q91: =SUM(D95:P95)
A92: 95 | B92: 12 | C92: =[1]ΑΝΤΙΣΤΟΙΧΙΣΗ!L202 | D92: ='[1]2026_60-69 ΕΞΟΔΑ+ΟΜ 2'!I52 | E92: =D96/$D$84 | F92: ='[1]2026 Μάιος'!F96+'[1]2026 Ιούνιος'!D96 | G92: =F96/$F$84 | I92: =H96/$H$84 | K92: =J96/$J$84 | L92: ='[1]2024_60-69 ΕΞΟΔΑ+ΟΜ 2'!I50 | M92: =L96/$L$84 | N92: =L96+'[1]2026 Μάιος'!N96 | O92: =N96/$N$84 | Q92: =SUM(D96:P96)
A93: 96 | B93: 13 | C93: =[1]ΑΝΤΙΣΤΟΙΧΙΣΗ!L203 | D93: ='[1]2026_60-69 ΕΞΟΔΑ+ΟΜ 2'!I53 | E93: =D97/$D$84 | F93: ='[1]2026 Μάιος'!F97+'[1]2026 Ιούνιος'!D97 | G93: =F97/$F$84 | I93: =H97/$H$84 | K93: =J97/$J$84 | L93: ='[1]2024_60-69 ΕΞΟΔΑ+ΟΜ 2'!I51 | M93: =L97/$L$84 | N93: =L97+'[1]2026 Μάιος'!N97 | O93: =N97/$N$84 | Q93: =SUM(D97:P97)
A94: 97 | B94: 14 | C94: =[1]ΑΝΤΙΣΤΟΙΧΙΣΗ!L204 | D94: ='[1]2026_60-69 ΕΞΟΔΑ+ΟΜ 2'!I54 | E94: =D98/$D$84 | F94: ='[1]2026 Μάιος'!F98+'[1]2026 Ιούνιος'!D98 | G94: =F98/$F$84 | I94: =H98/$H$84 | K94: =J98/$J$84 | L94: ='[1]2024_60-69 ΕΞΟΔΑ+ΟΜ 2'!I52 | M94: =L98/$L$84 | N94: =L98+'[1]2026 Μάιος'!N98 | O94: =N98/$N$84 | Q94: =SUM(D98:P98)
... A101: 104 | B101: 21 | C101: =[1]ΑΝΤΙΣΤΟΙΧΙΣΗ!L211 | D101: ='[1]2026_60-69 ΕΞΟΔΑ+ΟΜ 2'!I61 | E101: =D105/$D$84 | F101: ='[1]2026 Μάιος'!F105+'[1]2026 Ιούνιος'!D105 | G101: =F105/$F$84 | I101: =H105/$H$84 | K101: =J105/$J$84 | L101: ='[1]2024_60-69 ΕΞΟΔΑ+ΟΜ 2'!I59 | M101: =L105/$L$84 | N101: =L105+'[1]2026 Μάιος'!N105 | O101: =N105/$N$84 | Q101: =SUM(D105:P105)
A102: 105 | B102: 22 | C102: =[1]ΑΝΤΙΣΤΟΙΧΙΣΗ!L212
A103: 106 | B103: 23 | C103: =[1]ΑΝΤΙΣΤΟΙΧΙΣΗ!L213
A104: 107 | B104: 24 | C104: =[1]ΑΝΤΙΣΤΟΙΧΙΣΗ!L214
A105: 108 | B105: 25 | C105: =[1]ΑΝΤΙΣΤΟΙΧΙΣΗ!L215
A106: 109 | B106: 26 | C106: =[1]ΑΝΤΙΣΤΟΙΧΙΣΗ!L216
A107: 110 | C107: ΣΥΝΟΛΟ ΚΟΣΤΟΥΣ Sales-Marketing ΜΗΝΟΣ | D107: ='[1]2026_60-69 ΕΞΟΔΑ+ΟΜ 2'!I36 | F107: =D111+'[1]2026 Μάιος'!F111 | H107: =SUM(H47:H110) | J107: =SUM(J47:J110) | L107: =SUM(L47:L110) | N107: =SUM(N47:N110) | P107: =SUM(P47:P110)
A108: 111 | C108: Ελεγχος Ορθότητας ( πρέπει να είναι 0) | D108: =D84-D111 | F108: =F84-F111 | H108: =H84-H111 | J108: =J84-J111 | L108: =L84-L111 | N108: =N84-N111 | P108: =P84-P111
A109: 112 | C109: ΑΝΑΛΥΣΗ ΕΤΟΥΣ 2026 | D109: =[1]ΑΝΤΙΣΤΟΙΧΙΣΗ!$F$32 | H109: =[1]ΑΝΤΙΣΤΟΙΧΙΣΗ!$F$35 | L109: =[1]ΑΝΤΙΣΤΟΙΧΙΣΗ!$F$68 | P109: =[1]ΑΝΤΙΣΤΟΙΧΙΣΗ!$F$100
...

Sheet 2026 Ιούλιος
A1: ΑΝΑΛΥΣΗ ΑΠΟΤΕΛΕΣΜΑΤΟΣ ΜΗΝΟΣ
A2: 1 | C2: ΑΝΑΛΥΣΗ ΕΤΟΥΣ 2026 | D2: =[1]ΑΝΤΙΣΤΟΙΧΙΣΗ!$F$32 | H2: =[1]ΑΝΤΙΣΤΟΙΧΙΣΗ!$F$35 | L2: =[1]ΑΝΤΙΣΤΟΙΧΙΣΗ!$F$68 | P2: =[1]ΑΝΤΙΣΤΟΙΧΙΣΗ!$F$100
A3: 2 | C3: ΕΙΔΟΣ ΕΣΟΔΩΝ | D3: =[1]ΑΝΤΙΣΤΟΙΧΙΣΗ!$F$112 | G3: =[1]ΑΝΤΙΣΤΟΙΧΙΣΗ!$D$34 | H3: =[1]ΑΝΤΙΣΤΟΙΧΙΣΗ!$F$112 | K3: =[1]ΑΝΤΙΣΤΟΙΧΙΣΗ!$D$34 | L3: =[1]ΑΝΤΙΣΤΟΙΧΙΣΗ!$F$126 | O3: =[1]ΑΝΤΙΣΤΟΙΧΙΣΗ!$D$33
A4: 3 | B4: Α | C4: Κατηγορία Εσόδου | D4: Εσοδο Μηνός | E4: % Εσοδο Γραμμής/Σύν.Εσ.Μηνός | F4: Προοδευτικό Σύνολο Εσόδων έως σήμερα | G4: % Προοδ.Σύνολο Κατηγ. Εσ. /Προοδ.Σύν.Εσ. Έως σήμερα | H4: Εσοδο Μηνός | I4: % Εσοδο Γραμμής /Σύν.Εσ.Μηνός | J4: Προοδευτικό έως σήμερα | K4: % Προοδ.Σύνολο Κατηγ. Εσ. /Προοδ.Σύν.Εσ. Έως σήμερα | L4: Εσοδο Μηνός 2024 | M4: % Εσοδο Γραμμής/Σύν.Εσ.Μηνός | N4: Προοδευτικό Σύνολο Εσόδων έως Τρέχοντα μήνα | O4: % Προοδ.Σύνολο Κατηγ. Εσ. /Προοδ.Σύν.Εσ. Έως σήμερα | P4: Προοδ. Διαφορά Συν. Πραγμ.Τρ. Έτους - Αντιστ. Προοδ. Σύν. Πραγμ. Προηγ. Έτους | Q4: % Προοδ. Διαφορά Κατηγ. Εσ. / Προοδ.Σύν.Προυπ. Εσ. Τρέχοντος Έτους
A5: 4 | C5: Λογιστικό Αποτέλεσμα μηνός | D5: =D7-D6 | F5: =F7-F6 | H5: =H159-H6 | J5: =J159-J6 | L5: =L7-L6 | N5: =N7-N6 | P5: =P159-P6
A6: 5 | C6: Σύνολο Εξόδων Μηνός | D6: =D43+D84+D116 | F6: =F78+F111+F157 | H6: =H38-H43-H84 | J6: =J38-J43-J84 | L6: =L43+L84+L116 | N6: =N78+N111+N157 | P6: =P38-P43-P84
A7: 6 | B7: Α/Α | C7: Σύνολο Εσόδων Μηνός | D7: =SUM(D8:D37) | F7: =SUM(F8:F37) | H7: =SUM(H8:H37) | J7: =SUM(J8:J37) | L7: =SUM(L8:L37) | N7: =SUM(N8:N37) | P7: =SUM(P8:P37)
A8: 7 | B8: 1 | C8: =[1]ΑΝΤΙΣΤΟΙΧΙΣΗ!F187 | D8: ='[1]2026_ΕΣΟΔΑ'!I2 | E8: =D8/$D$7 | F8: =D8+'[1]2026 Ιούνιος'!F8 | G8: =F8/$F$7 | I8: =H8/$H$7 | J8: =H8+'[1]2026 Ιούνιος'!J8 | K8: =J8/$J$7 | L8: ='[1]2024_60-69 ΕΞΟΔΑ+ΟΜ 2'!I114 | M8: =L8/$L$7 | N8: =L8+'[1]2026 Ιούνιος'!N8 | O8: =N8/$N$7 | P8: =F8-N8 | Q8: =N8/F8
A9: 8 | B9: 2 | C9: =[1]ΑΝΤΙΣΤΟΙΧΙΣΗ!F188 | D9: ='[1]2026_ΕΣΟΔΑ'!I3 | E9: =D9/$D$7 | F9: =D9+'[1]2026 Ιούνιος'!F9 | G9: =F9/$F$7 | I9: =H9/$H$7 | J9: =H9+'[1]2026 Ιούνιος'!J9 | K9: =J9/$J$7 | L9: ='[1]2024_60-69 ΕΞΟΔΑ+ΟΜ 2'!I115 | M9: =L9/$L$7 | N9: =L9+'[1]2026 Ιούνιος'!N9 | O9: =N9/$N$7 | P9: =F9-N9 | Q9: =N9/F9
A10: 9 | B10: 3 | C10: =[1]ΑΝΤΙΣΤΟΙΧΙΣΗ!F189 | D10: ='[1]2026_ΕΣΟΔΑ'!I4 | E10: =D10/$D$7 | F10: =D10+'[1]2026 Ιούνιος'!F10 | G10: =F10/$F$7 | I10: =H10/$H$7 | J10: =H10+'[1]2026 Ιούνιος'!J10 | K10: =J10/$J$7 | L10: ='[1]2024_60-69 ΕΞΟΔΑ+ΟΜ 2'!I116 | M10: =L10/$L$7 | N10: =L10+'[1]2026 Ιούνιος'!N10 | O10: =N10/$N$7 | P10: =F10-N10 | Q10: =N10/F10
A11: 10 | B11: 4 | C11: =[1]ΑΝΤΙΣΤΟΙΧΙΣΗ!F190 | D11: ='[1]2026_ΕΣΟΔΑ'!I5 | E11: =D11/$D$7 | F11: =D11+'[1]2026 Ιούνιος'!F11 | G11: =F11/$F$7 | I11: =H11/$H$7 | J11: =H11+'[1]2026 Ιούνιος'!J11 | K11: =J11/$J$7 | L11: ='[1]2024_60-69 ΕΞΟΔΑ+ΟΜ 2'!I117 | M11: =L11/$L$7 | N11: =L11+'[1]2026 Ιούνιος'!N11 | O11: =N11/$N$7 | P11: =F11-N11 | Q11: =N11/F11
A12: 11 | B12: 5 | C12: =[1]ΑΝΤΙΣΤΟΙΧΙΣΗ!F191 | D12: ='[1]2026_ΕΣΟΔΑ'!I6 | E12: =D12/$D$7 | F12: =D12+'[1]2026 Ιούνιος'!F12 | G12: =F12/$F$7 | I12: =H12/$H$7 | J12: =H12+'[1]2026 Ιούνιος'!J12 | K12: =J12/$J$7 | L12: ='[1]2024_60-69 ΕΞΟΔΑ+ΟΜ 2'!I118 | M12: =L12/$L$7 | N12: =L12+'[1]2026 Ιούνιος'!N12 | O12: =N12/$N$7 | P12: =F12-N12 | Q12: =N12/F12
A13: 12 | B13: 6 | C13: =[1]ΑΝΤΙΣΤΟΙΧΙΣΗ!F192 | D13: ='[1]2026_ΕΣΟΔΑ'!I7 | E13: =D13/$D$7 | F13: =D13+'[1]2026 Ιούνιος'!F13 | G13: =F13/$F$7 | I13: =H13/$H$7 | J13: =H13+'[1]2026 Ιούνιος'!J13 | K13: =J13/$J$7 | L13: ='[1]2024_60-69 ΕΞΟΔΑ+ΟΜ 2'!I119 | M13: =L13/$L$7 | N13: =L13+'[1]2026 Ιούνιος'!N13 | O13: =N13/$N$7 | P13: =F13-N13 | Q13: =N13/F13
A14: 13 | B14: 7 | C14: =[1]ΑΝΤΙΣΤΟΙΧΙΣΗ!F193 | D14: ='[1]2026_ΕΣΟΔΑ'!I8 | E14: =D14/$D$7 | F14: =D14+'[1]2026 Ιούνιος'!F14 | G14: =F14/$F$7 | I14: =H14/$H$7 | J14: =H14+'[1]2026 Ιούνιος'!J14 | K14: =J14/$J$7 | L14: ='[1]2024_60-69 ΕΞΟΔΑ+ΟΜ 2'!I120 | M14: =L14/$L$7 | N14: =L14+'[1]2026 Ιούνιος'!N14 | O14: =N14/$N$7 | P14: =F14-N14 | Q14: =N14/F14
A15: 14 | B15: 8 | C15: =[1]ΑΝΤΙΣΤΟΙΧΙΣΗ!F194 | D15: ='[1]2026_ΕΣΟΔΑ'!I9 | E15: =D15/$D$7 | F15: =D15+'[1]2026 Ιούνιος'!F15 | G15: =F15/$F$7 | I15: =H15/$H$7 | J15: =H15+'[1]2026 Ιούνιος'!J15 | K15: =J15/$J$7 | L15: ='[1]2024_60-69 ΕΞΟΔΑ+ΟΜ 2'!I121 | M15: =L15/$L$7 | N15: =L15+'[1]2026 Ιούνιος'!N15 | O15: =N15/$N$7 | P15: =F15-N15 | Q15: =N15/F15
A16: 15 | B16: 9 | C16: =[1]ΑΝΤΙΣΤΟΙΧΙΣΗ!F195 | D16: ='[1]2026_ΕΣΟΔΑ'!I10 | E16: =D16/$D$7 | F16: =D16+'[1]2026 Ιούνιος'!F16 | G16: =F16/$F$7 | I16: =H16/$H$7 | J16: =H16+'[1]2026 Ιούνιος'!J16 | K16: =J16/$J$7 | L16: ='[1]2024_60-69 ΕΞΟΔΑ+ΟΜ 2'!I122 | M16: =L16/$L$7 | N16: =L16+'[1]2026 Ιούνιος'!N16 | O16: =N16/$N$7 | P16: =F16-N16 | Q16: =N16/F16
A17: 16 | B17: 10 | C17: =[1]ΑΝΤΙΣΤΟΙΧΙΣΗ!F196 | D17: ='[1]2026_ΕΣΟΔΑ'!I11 | E17: =D17/$D$7 | F17: =D17+'[1]2026 Ιούνιος'!F17 | G17: =F17/$F$7 | I17: =H17/$H$7 | J17: =H17+'[1]2026 Ιούνιος'!J17 | K17: =J17/$J$7 | L17: ='[1]2024_60-69 ΕΞΟΔΑ+ΟΜ 2'!I123 | M17: =L17/$L$7 | N17: =L17+'[1]2026 Ιούνιος'!N17 | O17: =N17/$N$7 | P17: =F17-N17 | Q17: =N17/F17
A18: 17 | B18: 11 | C18: =[1]ΑΝΤΙΣΤΟΙΧΙΣΗ!F197 | D18: ='[1]2026_ΕΣΟΔΑ'!I12 | E18: =D18/$D$7 | F18: =D18+'[1]2026 Ιούνιος'!F18 | G18: =F18/$F$7 | I18: =H18/$H$7 | J18: =H18+'[1]2026 Ιούνιος'!J18 | K18: =J18/$J$7 | L18: ='[1]2024_60-69 ΕΞΟΔΑ+ΟΜ 2'!I124 | M18: =L18/$L$7 | N18: =L18+'[1]2026 Ιούνιος'!N18 | O18: =N18/$N$7 | P18: =F18-N18 | Q18: =N18/F18
A19: 18 | B19: 12 | C19: =[1]ΑΝΤΙΣΤΟΙΧΙΣΗ!F198 | D19: ='[1]2026_ΕΣΟΔΑ'!I13 | E19: =D19/$D$7 | F19: =D19+'[1]2026 Ιούνιος'!F19 | G19: =F19/$F$7 | I19: =H19/$H$7 | J19: =H19+'[1]2026 Ιούνιος'!J19 | K19: =J19/$J$7 | L19: ='[1]2024_60-69 ΕΞΟΔΑ+ΟΜ 2'!I125 | M19: =L19/$L$7 | N19: =L19+'[1]2026 Ιούνιος'!N19 | O19: =N19/$N$7 | P19: =F19-N19 | Q19: =N19/F19
... A23: 22 | B23: 16 | C23: =[1]ΑΝΤΙΣΤΟΙΧΙΣΗ!F202 | D23: ='[1]2026_ΕΣΟΔΑ'!I17 | E23: =D23/$D$7 | F23: =D23+'[1]2026 Ιούνιος'!F23 | G23: =F23/$F$7 | I23: =H23/$H$7 | J23: =H23+'[1]2026 Ιούνιος'!J23 | K23: =J23/$J$7 | L23: ='[1]2024_60-69 ΕΞΟΔΑ+ΟΜ 2'!I129 | M23: =L23/$L$7 | N23: =L23+'[1]2026 Ιούνιος'!N23 | O23: =N23/$N$7 | P23: =F23-N23 | Q23: =N23/F23
A24: 23 | B24: 17 | C24: =[1]ΑΝΤΙΣΤΟΙΧΙΣΗ!F203 | D24: ='[1]2026_ΕΣΟΔΑ'!I18 | E24: =D24/$D$7 | F24: =D24+'[1]2026 Ιούνιος'!F24 | G24: =F24/$F$7 | H24: =[1]ΠΡΟΥΠΟΛΟΓΙΣΜΟΣ_ΕΣΟΔΑ!E225 | I24: =H24/$H$7 | J24: =H24+'[1]2026 Ιούνιος'!J24 | K24: =J24/$J$7 | L24: ='[1]2024_60-69 ΕΞΟΔΑ+ΟΜ 2'!I130 | M24: =L24/$L$7 | N24: =L24+'[1]2026 Ιούνιος'!N24 | O24: =N24/$N$7 | P24: =F24-N24 | Q24: =N24/F24
A25: 24 | B25: 18 | C25: =[1]ΑΝΤΙΣΤΟΙΧΙΣΗ!F204 | D25: ='[1]2026_ΕΣΟΔΑ'!I19 | E25: =D25/$D$7 | F25: =D25+'[1]2026 Ιούνιος'!F25 | G25: =F25/$F$7 | I25: =H25/$H$7 | J25: =H25+'[1]2026 Ιούνιος'!J25 | K25: =J25/$J$7 | L25: ='[1]2024_60-69 ΕΞΟΔΑ+ΟΜ 2'!I131 | M25: =L25/$L$7 | N25: =L25+'[1]2026 Ιούνιος'!N25 | O25: =N25/$N$7 | P25: =F25-N25 | Q25: =N25/F25
A26: 25 | B26: 19 | C26: =[1]ΑΝΤΙΣΤΟΙΧΙΣΗ!F205 | D26: ='[1]2026_ΕΣΟΔΑ'!I20 | E26: =D26/$D$7 | F26: =D26+'[1]2026 Ιούνιος'!F26 | G26: =F26/$F$7 | I26: =H26/$H$7 | J26: =H26+'[1]2026 Ιούνιος'!J26 | K26: =J26/$J$7 | L26: ='[1]2024_60-69 ΕΞΟΔΑ+ΟΜ 2'!I132 | M26: =L26/$L$7 | N26: =L26+'[1]2026 Ιούνιος'!N26 | O26: =N26/$N$7 | P26: =F26-N26 | Q26: =N26/F26
A27: 26 | B27: 20 | C27: =[1]ΑΝΤΙΣΤΟΙΧΙΣΗ!F206 | D27: ='[1]2026_ΕΣΟΔΑ'!I21 | E27: =D27/$D$7 | F27: =D27+'[1]2026 Ιούνιος'!F27 | G27: =F27/$F$7 | I27: =H27/$H$7 | J27: =H27+'[1]2026 Ιούνιος'!J27 | K27: =J27/$J$7 | L27: ='[1]2024_60-69 ΕΞΟΔΑ+ΟΜ 2'!I133 | M27: =L27/$L$7 | N27: =L27+'[1]2026 Ιούνιος'!N27 | O27: =N27/$N$7 | P27: =F27-N27 | Q27: =N27/F27
A28: 27 | B28: 21 | C28: =[1]ΑΝΤΙΣΤΟΙΧΙΣΗ!F207 | D28: ='[1]2026_ΕΣΟΔΑ'!I22 | E28: =D28/$D$7 | F28: =D28+'[1]2026 Ιούνιος'!F28 | G28: =F28/$F$7 | I28: =H28/$H$7 | J28: =H28+'[1]2026 Ιούνιος'!J28 | K28: =J28/$J$7 | L28: ='[1]2024_60-69 ΕΞΟΔΑ+ΟΜ 2'!I134 | M28: =L28/$L$7 | N28: =L28+'[1]2026 Ιούνιος'!N28 | O28: =N28/$N$7 | P28: =F28-N28 | Q28: =N28/F28
A29: 28 | B29: 22 | C29: =[1]ΑΝΤΙΣΤΟΙΧΙΣΗ!F208 | D29: ='[1]2026_ΕΣΟΔΑ'!I23 | E29: =D29/$D$7 | F29: =D29+'[1]2026 Ιούνιος'!F29 | G29: =F29/$F$7 | I29: =H29/$H$7 | J29: =H29+'[1]2026 Ιούνιος'!J29 | K29: =J29/$J$7 | L29: ='[1]2024_60-69 ΕΞΟΔΑ+ΟΜ 2'!I135 | M29: =L29/$L$7 | N29: =L29+'[1]2026 Ιούνιος'!N29 | O29: =N29/$N$7 | P29: =F29-N29 | Q29: =N29/F29
A30: 29 | B30: 23 | C30: =[1]ΑΝΤΙΣΤΟΙΧΙΣΗ!F209 | D30: ='[1]2026_ΕΣΟΔΑ'!I24 | E30: =D30/$D$7 | F30: =D30+'[1]2026 Ιούνιος'!F30 | G30: =F30/$F$7 | I30: =H30/$H$7 | J30: =H30+'[1]2026 Ιούνιος'!J30 | K30: =J30/$J$7 | L30: ='[1]2024_60-69 ΕΞΟΔΑ+ΟΜ 2'!I136 | M30: =L30/$L$7 | N30: =L30+'[1]2026 Ιούνιος'!N30 | O30: =N30/$N$7 | P30: =F30-N30 | Q30: =N30/F30
A31: 30 | B31: 24 | C31: =[1]ΑΝΤΙΣΤΟΙΧΙΣΗ!F210 | D31: ='[1]2026_ΕΣΟΔΑ'!I25 | E31: =D31/$D$7 | F31: =D31+'[1]2026 Ιούνιος'!F31 | G31: =F31/$F$7 | I31: =H31/$H$7 | J31: =H31+'[1]2026 Ιούνιος'!J31 | K31: =J31/$J$7 | L31: ='[1]2024_60-69 ΕΞΟΔΑ+ΟΜ 2'!I137 | M31: =L31/$L$7 | N31: =L31+'[1]2026 Ιούνιος'!N31 | O31: =N31/$N$7 | P31: =F31-N31 | Q31: =N31/F31
A32: 31 | B32: 25 | C32: =[1]ΑΝΤΙΣΤΟΙΧΙΣΗ!F211 | D32: ='[1]2026_ΕΣΟΔΑ'!I26 | E32: =D32/$D$7 | F32: =D32+'[1]2026 Ιούνιος'!F32 | G32: =F32/$F$7 | I32: =H32/$H$7 | J32: =H32+'[1]2026 Ιούνιος'!J32 | K32: =J32/$J$7 | L32: ='[1]2024_60-69 ΕΞΟΔΑ+ΟΜ 2'!I138 | M32: =L32/$L$7 | N32: =L32+'[1]2026 Ιούνιος'!N32 | O32: =N32/$N$7 | P32: =F32-N32 | Q32: =N32/F32
A33: 32 | B33: 26 | C33: =[1]ΑΝΤΙΣΤΟΙΧΙΣΗ!F212 | D33: ='[1]2026_ΕΣΟΔΑ'!I27 | E33: =D33/$D$7 | F33: =D33+'[1]2026 Ιούνιος'!F33 | G33: =F33/$F$7 | I33: =H33/$H$7 | J33: =H33+'[1]2026 Ιούνιος'!J33 | K33: =J33/$J$7 | L33: ='[1]2024_60-69 ΕΞΟΔΑ+ΟΜ 2'!I139 | M33: =L33/$L$7 | N33: =L33+'[1]2026 Ιούνιος'!N33 | O33: =N33/$N$7 | P33: =F33-N33 | Q33: =N33/F33
A34: 33 | B34: 27 | C34: =[1]ΑΝΤΙΣΤΟΙΧΙΣΗ!F213 | D34: ='[1]2026_ΕΣΟΔΑ'!I28 | E34: =D34/$D$7 | F34: =D34+'[1]2026 Ιούνιος'!F34 | G34: =F34/$F$7 | I34: =H34/$H$7 | J34: =H34+'[1]2026 Ιούνιος'!J34 | K34: =J34/$J$7 | L34: ='[1]2024_60-69 ΕΞΟΔΑ+ΟΜ 2'!I140 | M34: =L34/$L$7 | N34: =L34+'[1]2026 Ιούνιος'!N34 | O34: =N34/$N$7 | P34: =F34-N34 | Q34: =N34/F34
A35: 34 | B35: 28 | C35: =[1]ΑΝΤΙΣΤΟΙΧΙΣΗ!F214 | D35: ='[1]2026_ΕΣΟΔΑ'!I29 | E35: =D35/$D$7 | F35: =D35+'[1]2026 Ιούνιος'!F35 | G35: =F35/$F$7 | I35: =H35/$H$7 | J35: =H35+'[1]2026 Ιούνιος'!J35 | K35: =J35/$J$7 | L35: ='[1]2024_60-69 ΕΞΟΔΑ+ΟΜ 2'!I141 | M35: =L35/$L$7 | N35: =L35+'[1]2026 Ιούνιος'!N35 | O35: =N35/$N$7 | P35: =F35-N35 | Q35: =N35/F35
A36: 35 | B36: 29 | C36: =[1]ΑΝΤΙΣΤΟΙΧΙΣΗ!F215 | D36: ='[1]2026_ΕΣΟΔΑ'!I30 | E36: =D36/$D$7 | F36: =D36+'[1]2026 Ιούνιος'!F36 | G36: =F36/$F$7 | I36: =H36/$H$7 | J36: =H36+'[1]2026 Ιούνιος'!J36 | K36: =J36/$J$7 | L36: ='[1]2024_60-69 ΕΞΟΔΑ+ΟΜ 2'!I142 | M36: =L36/$L$7 | N36: =L36+'[1]2026 Ιούνιος'!N36 | O36: =N36/$N$7 | P36: =F36-N36 | Q36: =N36/F36
A37: 36 | B37: 30 | C37: =[1]ΑΝΤΙΣΤΟΙΧΙΣΗ!F216 | D37: ='[1]2026_ΕΣΟΔΑ'!I31 | E37: =D37/$D$7 | F37: =D37+'[1]2026 Ιούνιος'!F37 | G37: =F37/$F$7 | I37: =H37/$H$7 | J37: =H37+'[1]2026 Ιούνιος'!J37 | K37: =J37/$J$7 | L37: ='[1]2024_60-69 ΕΞΟΔΑ+ΟΜ 2'!I143 | M37: =L37/$L$7 | N37: =L37+'[1]2026 Ιούνιος'!N37 | O37: =N37/$N$7 | P37: =F37-N37 | Q37: =N37/F37
A38: 37 | C38: ΣΥΝΟΛΟ ΕΣΟΔΩΝ ΜΗΝΟΣ | D38: ='[1]2026_ΕΣΟΔΑ'!I32 | F38: ='[1]2026_ΕΣΟΔΑ'!I34 | H38: =SUM(H8:H31) | J38: =SUM(J8:J31) | L38: =SUM(L8:L31) | N38: =SUM(N8:N31) | P38: =SUM(P8:P31)
A39: 38 | C39: Ελεγχος Ορθότητας ( πρέπει να είναι 0) | D39: =D7-D38 | F39: =F7-F38 | H39: =H7-H38 | J39: =J7-J38 | L39: =L7-L38 | N39: =N7-N38 | P39: =P7-P38
A40: 39 | C40: ΑΝΑΛΥΣΗ ΕΤΟΥΣ 2026 | D40: =[1]ΑΝΤΙΣΤΟΙΧΙΣΗ!$F$32 | H40: =[1]ΑΝΤΙΣΤΟΙΧΙΣΗ!$F$35 | L40: =[1]ΑΝΤΙΣΤΟΙΧΙΣΗ!$F$68 | P40: =[1]ΑΝΤΙΣΤΟΙΧΙΣΗ!$F$100
A41: 40 | C41: ΠΕΡΙΟΔΟΣ | D41: =[1]ΑΝΤΙΣΤΟΙΧΙΣΗ!$F$112 | G41: =[1]ΑΝΤΙΣΤΟΙΧΙΣΗ!$D$34 | H41: =[1]ΑΝΤΙΣΤΟΙΧΙΣΗ!$F$112 | K41: =[1]ΑΝΤΙΣΤΟΙΧΙΣΗ!$D$34 | L41: =[1]ΑΝΤΙΣΤΟΙΧΙΣΗ!$F$126 | O41: =[1]ΑΝΤΙΣΤΟΙΧΙΣΗ!$D$33
A42: 41 | B42: Β | C42: ΚΑΤΗΓΟΡΙΑ ΕΞΟΔΟΥ | E42: % Εξοδο Γραμμής /Σύν.Εξόδων μηνός | F42: Προοδ Σύν. Κατηγ. Εξόδων έως Σήμερα | G42: % Προοδ. Σύνολο Κατηγ. Εξ./ Προοδ. Σύνολο Εξόδων Έως σήμερα | H42: Αμ. Κόστ. Υπηρ. Μηνός | I42: % Εξοδο Γραμμής /Σύν.Εξόδων μηνός | J42: Προοδ Σύν. Κατηγ. Εξόδων έως Σήμερα | K42: % Προοδ. Σύνολο Κατηγ. Εξ./ Προοδ. Σύνολο Εξόδων Έως σήμερα | L42: Αμ. Κόστ. Υπηρ. Μηνός | M42: % Κατηγ.Εξ/Σύν.Αμ.Κο.Υπ.μηνός | N42: Προοδ Σύν. Κατηγ. Εξ έως Σήμερα | O42: % Προοδ. Σύν. Κατηγ. Εξ/ Προοδ. Σύνολο ΕΞόδων | P42: Προοδ. Διαφορά με Προηγ. Έτος ( Τρέχον Έτος - Προηγ. Έτος) | Q42: % Προοδ.Σύν Κατηγ. Εξ. Πρ. Έτους / Προοδ.Σύν.Εξ. Τρέχοντος Έτους
A43: 42 | B43: Α/Α | C43: Αμεσο Κόστος Υπηρεσιών | D43: =SUM(D44:D77) | F43: =SUM(F44:F77) | H43: =SUM(H44:H77) | J43: =SUM(J44:J77) | L43: =SUM(L44:L77) | N43: =SUM(N44:N77) | P43: =SUM(P44:P77)
A44: 43 | B44: 1 | C44: =[1]ΑΝΤΙΣΤΟΙΧΙΣΗ!I187 | D44: ='[1]2026_60-69 ΕΞΟΔΑ+ΟΜ 2'!J4 | E44: =D44/$D$43 | F44: =D44+'[1]2026 Ιούνιος'!F44 | G44: =F44/$F$43 | I44: =H44/$H$43 | J44: =H44 | K44: =J44/$J$43 | L44: ='[1]2024_60-69 ΕΞΟΔΑ+ΟΜ 2'!J4 | M44: =L44/$L$43 | N44: =L44+'[1]2026 Ιούνιος'!N44 | O44: =N44/$N$43 | Q44: =N44/F44
A45: 44 | B45: 2 | C45: =[1]ΑΝΤΙΣΤΟΙΧΙΣΗ!I188 | D45: ='[1]2026_60-69 ΕΞΟΔΑ+ΟΜ 2'!J5 | E45: =D45/$D$43 | F45: =D45+'[1]2026 Ιούνιος'!F45 | G45: =F45/$F$43 | I45: =H45/$H$43 | J45: =H45 | K45: =J45/$J$43 | L45: ='[1]2024_60-69 ΕΞΟΔΑ+ΟΜ 2'!J5 | M45: =L45/$L$43 | N45: =L45+'[1]2026 Ιούνιος'!N45 | O45: =N45/$N$43 | Q45: =N45/F45
A46: 45 | B46: 3 | C46: =[1]ΑΝΤΙΣΤΟΙΧΙΣΗ!I189 | D46: ='[1]2026_60-69 ΕΞΟΔΑ+ΟΜ 2'!J6 | E46: =D46/$D$43 | F46: =D46+'[1]2026 Ιούνιος'!F46 | G46: =F46/$F$43 | I46: =H46/$H$43 | J46: =H46 | K46: =J46/$J$43 | L46: ='[1]2024_60-69 ΕΞΟΔΑ+ΟΜ 2'!J6 | M46: =L46/$L$43 | N46: =L46+'[1]2026 Ιούνιος'!N46 | O46: =N46/$N$43 | Q46: =N46/F46
A47: 48 | B47: 6 | C47: =[1]ΑΝΤΙΣΤΟΙΧΙΣΗ!I190 | D47: ='[1]2026_60-69 ΕΞΟΔΑ+ΟΜ 2'!J7 | E47: =D49/$D$43 | F47: =D49+'[1]2026 Ιούνιος'!F47 | G47: =F49/$F$43 | I47: =H49/$H$43 | J47: =H49 | K47: =J49/$J$43 | L47: ='[1]2024_60-69 ΕΞΟΔΑ+ΟΜ 2'!J7 | M47: =L49/$L$43 | N47: =L49+'[1]2026 Ιούνιος'!N47 | O47: =N49/$N$43 | Q47: =N49/F49
A48: 49 | B48: 7 | C48: =[1]ΑΝΤΙΣΤΟΙΧΙΣΗ!I191 | D48: ='[1]2026_60-69 ΕΞΟΔΑ+ΟΜ 2'!J8 | E48: =D50/$D$43 | F48: =D50+'[1]2026 Ιούνιος'!F48 | G48: =F50/$F$43 | I48: =H50/$H$43 | J48: =H50 | K48: =J50/$J$43 | L48: ='[1]2024_60-69 ΕΞΟΔΑ+ΟΜ 2'!J8 | M48: =L50/$L$43 | N48: =L50+'[1]2026 Ιούνιος'!N48 | O48: =N50/$N$43 | Q48: =N50/F50
A49: 50 | B49: 8 | C49: =[1]ΑΝΤΙΣΤΟΙΧΙΣΗ!I192 | D49: ='[1]2026_60-69 ΕΞΟΔΑ+ΟΜ 2'!J9 | E49: =D51/$D$43 | F49: =D51+'[1]2026 Ιούνιος'!F49 | G49: =F51/$F$43 | I49: =H51/$H$43 | J49: =H51 | K49: =J51/$J$43 | L49: ='[1]2024_60-69 ΕΞΟΔΑ+ΟΜ 2'!J9 | M49: =L51/$L$43 | N49: =L51+'[1]2026 Ιούνιος'!N49 | O49: =N51/$N$43 | Q49: =N51/F51
A50: 53 | B50: 11 | C50: =[1]ΑΝΤΙΣΤΟΙΧΙΣΗ!I193 | D50: ='[1]2026_60-69 ΕΞΟΔΑ+ΟΜ 2'!J10 | E50: =D54/$D$43 | F50: =D54+'[1]2026 Ιούνιος'!F50 | G50: =F54/$F$43 | I50: =H54/$H$43 | J50: =H54 | K50: =J54/$J$43 | L50: ='[1]2024_60-69 ΕΞΟΔΑ+ΟΜ 2'!J10 | M50: =L54/$L$43 | N50: =L54+'[1]2026 Ιούνιος'!N50 | O50: =N54/$N$43 | Q50: =N54/F54
A51: 54 | B51: 12 | C51: =[1]ΑΝΤΙΣΤΟΙΧΙΣΗ!I194 | D51: ='[1]2026_60-69 ΕΞΟΔΑ+ΟΜ 2'!J11 | E51: =D55/$D$43 | F51: =D55+'[1]2026 Ιούνιος'!F51 | G51: =F55/$F$43 | I51: =H55/$H$43 | J51: =H55 | K51: =J55/$J$43 | L51: ='[1]2024_60-69 ΕΞΟΔΑ+ΟΜ 2'!J11 | M51: =L55/$L$43 | N51: =L55+'[1]2026 Ιούνιος'!N51 | O51: =N55/$N$43 | Q51: =N55/F55
A52: 55 | B52: 13 | C52: =[1]ΑΝΤΙΣΤΟΙΧΙΣΗ!I195 | D52: ='[1]2026_60-69 ΕΞΟΔΑ+ΟΜ 2'!J12 | E52: =D56/$D$43 | F52: =D56+'[1]2026 Ιούνιος'!F52 | G52: =F56/$F$43 | I52: =H56/$H$43 | J52: =H56 | K52: =J56/$J$43 | L52: ='[1]2024_60-69 ΕΞΟΔΑ+ΟΜ 2'!J12 | M52: =L56/$L$43 | N52: =L56+'[1]2026 Ιούνιος'!N52 | O52: =N56/$N$43 | Q52: =N56/F56
A53: 56 | B53: 14 | C53: =[1]ΑΝΤΙΣΤΟΙΧΙΣΗ!I196 | D53: ='[1]2026_60-69 ΕΞΟΔΑ+ΟΜ 2'!J13 | E53: =D57/$D$43 | F53: =D57+'[1]2026 Ιούνιος'!F53 | G53: =F57/$F$43 | I53: =H57/$H$43 | J53: =H57 | K53: =J57/$J$43 | L53: ='[1]2024_60-69 ΕΞΟΔΑ+ΟΜ 2'!J13 | M53: =L57/$L$43 | N53: =L57+'[1]2026 Ιούνιος'!N53 | O53: =N57/$N$43 | Q53: =N57/F57
A54: 57 | B54: 15 | C54: =[1]ΑΝΤΙΣΤΟΙΧΙΣΗ!I197 | D54: ='[1]2026_60-69 ΕΞΟΔΑ+ΟΜ 2'!J14 | E54: =D58/$D$43 | F54: =D58+'[1]2026 Ιούνιος'!F54 | G54: =F58/$F$43 | I54: =H58/$H$43 | J54: =H58 | K54: =J58/$J$43 | L54: ='[1]2024_60-69 ΕΞΟΔΑ+ΟΜ 2'!J14 | M54: =L58/$L$43 | N54: =L58+'[1]2026 Ιούνιος'!N54 | O54: =N58/$N$43 | Q54: =N58/F58
A55: 58 | B55: 16 | C55: =[1]ΑΝΤΙΣΤΟΙΧΙΣΗ!I198 | D55: ='[1]2026_60-69 ΕΞΟΔΑ+ΟΜ 2'!J15 | E55: =D59/$D$43 | F55: =D59+'[1]2026 Ιούνιος'!F55 | G55: =F59/$F$43 | I55: =H59/$H$43 | J55: =H59 | K55: =J59/$J$43 | L55: ='[1]2024_60-69 ΕΞΟΔΑ+ΟΜ 2'!J15 | M55: =L59/$L$43 | N55: =L59+'[1]2026 Ιούνιος'!N55 | O55: =N59/$N$43 | Q55: =N59/F59
A56: 59 | B56: 17 | C56: =[1]ΑΝΤΙΣΤΟΙΧΙΣΗ!I199 | D56: ='[1]2026_60-69 ΕΞΟΔΑ+ΟΜ 2'!J16 | E56: =D60/$D$43 | F56: =D60+'[1]2026 Ιούνιος'!F56 | G56: =F60/$F$43 | I56: =H60/$H$43 | K56: =J60/$J$43 | L56: ='[1]2024_60-69 ΕΞΟΔΑ+ΟΜ 2'!J16 | M56: =L60/$L$43 | N56: =L60+'[1]2026 Ιούνιος'!N56 | O56: =N60/$N$43 | Q56: =N60/F60
A57: 60 | B57: 18 | C57: =[1]ΑΝΤΙΣΤΟΙΧΙΣΗ!I200 | D57: ='[1]2026_60-69 ΕΞΟΔΑ+ΟΜ 2'!J17 | E57: =D61/$D$43 | F57: =D61+'[1]2026 Ιούνιος'!F57 | G57: =F61/$F$43 | I57: =H61/$H$43 | J57: =H61 | K57: =J61/$J$43 | L57: ='[1]2024_60-69 ΕΞΟΔΑ+ΟΜ 2'!J17 | M57: =L61/$L$43 | N57: =L61+'[1]2026 Ιούνιος'!N57 | O57: =N61/$N$43 | Q57: =N61/F61
A58: 61 | B58: 19 | C58: =[1]ΑΝΤΙΣΤΟΙΧΙΣΗ!I201 | D58: ='[1]2026_60-69 ΕΞΟΔΑ+ΟΜ 2'!J18 | E58: =D62/$D$43 | F58: =D62+'[1]2026 Ιούνιος'!F58 | G58: =F62/$F$43 | I58: =H62/$H$43 | J58: =H62 | K58: =J62/$J$43 | L58: ='[1]2024_60-69 ΕΞΟΔΑ+ΟΜ 2'!J18 | M58: =L62/$L$43 | N58: =L62+'[1]2026 Ιούνιος'!N58 | O58: =N62/$N$43 | Q58: =N62/F62
A59: 62 | B59: 20 | C59: =[1]ΑΝΤΙΣΤΟΙΧΙΣΗ!I202 | D59: ='[1]2026_60-69 ΕΞΟΔΑ+ΟΜ 2'!J19 | E59: =D63/$D$43 | F59: =D63+'[1]2026 Ιούνιος'!F59 | G59: =F63/$F$43 | I59: =H63/$H$43 | J59: =H63 | K59: =J63/$J$43 | L59: ='[1]2024_60-69 ΕΞΟΔΑ+ΟΜ 2'!J19 | M59: =L63/$L$43 | N59: =L63+'[1]2026 Ιούνιος'!N59 | O59: =N63/$N$43 | Q59: =N63/F63
A60: 63 | B60: 21 | C60: =[1]ΑΝΤΙΣΤΟΙΧΙΣΗ!I203 | D60: ='[1]2026_60-69 ΕΞΟΔΑ+ΟΜ 2'!J20 | E60: =D64/$D$43 | F60: =D64+'[1]2026 Ιούνιος'!F60 | G60: =F64/$F$43 | I60: =H64/$H$43 | J60: =H64 | K60: =J64/$J$43 | L60: ='[1]2024_60-69 ΕΞΟΔΑ+ΟΜ 2'!J20 | M60: =L64/$L$43 | N60: =L64+'[1]2026 Ιούνιος'!N60 | O60: =N64/$N$43 | Q60: =N64/F64
A61: 64 | B61: 22 | C61: =[1]ΑΝΤΙΣΤΟΙΧΙΣΗ!I204 | D61: ='[1]2026_60-69 ΕΞΟΔΑ+ΟΜ 2'!J21 | E61: =D65/$D$43 | F61: =D65+'[1]2026 Ιούνιος'!F61 | G61: =F65/$F$43 | I61: =H65/$H$43 | J61: =H65 | K61: =J65/$J$43 | L61: ='[1]2024_60-69 ΕΞΟΔΑ+ΟΜ 2'!J21 | M61: =L65/$L$43 | N61: =L65+'[1]2026 Ιούνιος'!N61 | O61: =N65/$N$43 | Q61: =N65/F65
A62: 65 | B62: 23 | C62: =[1]ΑΝΤΙΣΤΟΙΧΙΣΗ!I205 | D62: ='[1]2026_60-69 ΕΞΟΔΑ+ΟΜ 2'!J22 | E62: =D66/$D$43 | F62: =D66+'[1]2026 Ιούνιος'!F62 | G62: =F66/$F$43 | I62: =H66/$H$43 | J62: =H66 | K62: =J66/$J$43 | L62: ='[1]2024_60-69 ΕΞΟΔΑ+ΟΜ 2'!J22 | M62: =L66/$L$43 | N62: =L66+'[1]2026 Ιούνιος'!N62 | O62: =N66/$N$43 | Q62: =N66/F66
A63: 66 | B63: 24 | C63: =[1]ΑΝΤΙΣΤΟΙΧΙΣΗ!I206 | D63: ='[1]2026_60-69 ΕΞΟΔΑ+ΟΜ 2'!J23 | E63: =D67/$D$43 | F63: =D67+'[1]2026 Ιούνιος'!F63 | G63: =F67/$F$43 | I63: =H67/$H$43 | J63: =H67 | K63: =J67/$J$43 | L63: ='[1]2024_60-69 ΕΞΟΔΑ+ΟΜ 2'!J23 | M63: =L67/$L$43 | N63: =L67+'[1]2026 Ιούνιος'!N63 | O63: =N67/$N$43 | Q63: =N67/F67
A64: 67 | B64: 25 | C64: =[1]ΑΝΤΙΣΤΟΙΧΙΣΗ!I207 | D64: ='[1]2026_60-69 ΕΞΟΔΑ+ΟΜ 2'!J24 | E64: =D68/$D$43 | F64: =D68+'[1]2026 Ιούνιος'!F64 | G64: =F68/$F$43 | I64: =H68/$H$43 | J64: =H68 | K64: =J68/$J$43 | L64: ='[1]2024_60-69 ΕΞΟΔΑ+ΟΜ 2'!J24 | M64: =L68/$L$43 | N64: =L68+'[1]2026 Ιούνιος'!N64 | O64: =N68/$N$43 | Q64: =N68/F68
A65: 68 | B65: 26 | C65: =[1]ΑΝΤΙΣΤΟΙΧΙΣΗ!I208 | D65: ='[1]2026_60-69 ΕΞΟΔΑ+ΟΜ 2'!J25 | E65: =D69/$D$43 | F65: =D69+'[1]2026 Ιούνιος'!F65 | G65: =F69/$F$43 | I65: =H69/$H$43 | J65: =H69 | K65: =J69/$J$43 | L65: ='[1]2024_60-69 ΕΞΟΔΑ+ΟΜ 2'!J25 | M65: =L69/$L$43 | N65: =L69+'[1]2026 Ιούνιος'!N65 | O65: =N69/$N$43 | Q65: =N69/F69
A66: 69 | B66: 27 | C66: =[1]ΑΝΤΙΣΤΟΙΧΙΣΗ!I209 | D66: ='[1]2026_60-69 ΕΞΟΔΑ+ΟΜ 2'!J26 | E66: =D70/$D$43 | F66: =D70+'[1]2026 Ιούνιος'!F66 | G66: =F70/$F$43 | I66: =H70/$H$43 | J66: =H70 | K66: =J70/$J$43 | L66: ='[1]2024_60-69 ΕΞΟΔΑ+ΟΜ 2'!J26 | M66: =L70/$L$43 | N66: =L70+'[1]2026 Ιούνιος'!N66 | O66: =N70/$N$43 | Q66: =N70/F70
A67: 70 | B67: 28 | C67: =[1]ΑΝΤΙΣΤΟΙΧΙΣΗ!I210 | D67: ='[1]2026_60-69 ΕΞΟΔΑ+ΟΜ 2'!J27 | E67: =D71/$D$43 | F67: =D71+'[1]2026 Ιούνιος'!F67 | G67: =F71/$F$43 | I67: =H71/$H$43 | J67: =H71 | K67: =J71/$J$43 | L67: ='[1]2024_60-69 ΕΞΟΔΑ+ΟΜ 2'!J27 | M67: =L71/$L$43 | N67: =L71+'[1]2026 Ιούνιος'!N67 | O67: =N71/$N$43 | Q67: =N71/F71
A68: 71 | B68: 29 | C68: =[1]ΑΝΤΙΣΤΟΙΧΙΣΗ!I211 | D68: ='[1]2026_60-69 ΕΞΟΔΑ+ΟΜ 2'!J28 | E68: =D72/$D$43 | F68: =D72+'[1]2026 Ιούνιος'!F68 | G68: =F72/$F$43 | I68: =H72/$H$43 | J68: =H72 | K68: =J72/$J$43 | L68: ='[1]2024_60-69 ΕΞΟΔΑ+ΟΜ 2'!J28 | M68: =L72/$L$43 | N68: =L72+'[1]2026 Ιούνιος'!N68 | O68: =N72/$N$43 | Q68: =N72/F72
A69: 72 | B69: 30 | C69: =[1]ΑΝΤΙΣΤΟΙΧΙΣΗ!I212 | D69: ='[1]2026_60-69 ΕΞΟΔΑ+ΟΜ 2'!J29 | E69: =D73/$D$43 | F69: =D73+'[1]2026 Ιούνιος'!F69 | G69: =F73/$F$43 | I69: =H73/$H$43 | J69: =H73 | K69: =J73/$J$43 | L69: ='[1]2024_60-69 ΕΞΟΔΑ+ΟΜ 2'!J29 | M69: =L73/$L$43 | N69: =L73+'[1]2026 Ιούνιος'!N69 | O69: =N73/$N$43 | Q69: =N73/F73
A70: 73 | B70: 31 | C70: =[1]ΑΝΤΙΣΤΟΙΧΙΣΗ!I213 | D70: 0 | E70: =D74/$D$43 | F70: =D74+'[1]2026 Ιούνιος'!F70 | G70: =F74/$F$43 | I70: =H74/$H$43 | J70: =H74 | K70: =J74/$J$43 | L70: ='[1]2024_60-69 ΕΞΟΔΑ+ΟΜ 2'!J30 | M70: =L74/$L$43 | N70: =L74+'[1]2026 Ιούνιος'!N70 | O70: =N74/$N$43 | Q70: =N74/F74
A71: 74 | B71: 32 | C71: =[1]ΑΝΤΙΣΤΟΙΧΙΣΗ!I214 | D71: ='[1]2026_60-69 ΕΞΟΔΑ+ΟΜ 2'!J31 | E71: =D75/$D$43 | F71: =D75+'[1]2026 Ιούνιος'!F71 | G71: =F75/$D$39 | I71: =H75/$H$43 | J71: =H75 | K71: =J75/$J$43 | L71: ='[1]2024_60-69 ΕΞΟΔΑ+ΟΜ 2'!J31 | M71: =L75/$L$43 | N71: =L75+'[1]2026 Ιούνιος'!N71 | O71: =N75/$N$43 | Q71: =N75/F75
A72: 75 | B72: 33 | C72: =[1]ΑΝΤΙΣΤΟΙΧΙΣΗ!I215 | D72: ='[1]2026_60-69 ΕΞΟΔΑ+ΟΜ 2'!J32 | E72: =D76/$D$43 | F72: =D76+'[1]2026 Ιούνιος'!F72 | G72: =F76/$D$39 | I72: =H76/$H$43 | J72: =H76 | K72: =J76/$J$43 | L72: ='[1]2024_60-69 ΕΞΟΔΑ+ΟΜ 2'!J32 | M72: =L76/$L$43 | N72: =L76+'[1]2026 Ιούνιος'!N72 | O72: =N76/$N$43 | Q72: =N76/F76
A73: 76 | B73: 34 | C73: =[1]ΑΝΤΙΣΤΟΙΧΙΣΗ!I216 | D73: ='[1]2026_60-69 ΕΞΟΔΑ+ΟΜ 2'!J33 | E73: =D77/$D$43 | F73: =D77+'[1]2026 Ιούνιος'!F73 | G73: =F77/$D$39 | I73: =H77/$H$43 | J73: =H77 | K73: =J77/$J$43 | L73: ='[1]2024_60-69 ΕΞΟΔΑ+ΟΜ 2'!J33 | M73: =L77/$L$43 | N73: =L77+'[1]2026 Ιούνιος'!N73 | O73: =N77/$N$43 | Q73: =N77/F77
A74: 77 | C74: ΣΥΝΟΛΟ ΑΜΕΣΟΥ ΚΟΣΤΟΥΣ | D74: ='[1]2026_60-69 ΕΞΟΔΑ+ΟΜ 2'!J3 | F74: ='[1]2026_60-69 ΕΞΟΔΑ+ΟΜ 2'!W3 | H74: =SUM(H44:H77) | J74: =SUM(J44:J77) | L74: =SUM(L44:L77) | N74: =SUM(N44:N77) | P74: =SUM(P44:P77)
A75: 78 | C75: Ελεγχος Ορθότητας ( πρέπει να είναι 0) | D75: =D43-D78 | F75: =F43-F78 | H75: =H43-H78 | J75: =J43-J78 | L75: =L43-L78 | N75: =N43-N78 | P75: =P43-P78
